Account Number,Account Name,sku,category,quantity,unit price,ext price,date
803666,Fritsch-Glover,HX-24728,Hat,1,98.98,98.98,2014-09-28T11:56:02.000000
64898,O'Conner Inc,LK-02338,Sweater,9,34.8,313.2,2014-04-24T16:51:22.000000
423621,Beatty and Sons,ZC-07383,Sweater,12,60.24,722.88,2014-09-17T17:26:22.000000
137865,"Gleason, Bogisich and Franecki",QS-76400,Sweater,5,15.25,76.25,2014-01-30T07:34:02.000000
435433,Morissette-Heathcote,RU-25060,Sweater,19,51.83,984.77,2014-08-24T06:18:12.000000
198887,Shanahan-Bartoletti,FT-50146,Sweater,4,18.51,74.04,2014-09-05T07:24:23.000000
969663,"Gusikowski, Reichert and Gerlach",AE-95093,Socks,4,49.95,199.8,2014-04-28T21:51:24.000000
1288,"Wilderman, Herman and Breitenberg",FT-50146,Sweater,14,68.2,954.8,2013-12-04T13:53:26.000000
979589,Brown Inc,HX-24728,Hat,16,52.99,847.84,2014-02-07T14:53:59.000000
839884,"Turcotte, Turner and Anderson",FT-50146,Sweater,8,21.35,170.8,2014-09-03T16:06:44.000000
91059,"Armstrong, Champlin and Ratke",FT-50146,Sweater,17,34.61,588.37,2014-04-06T20:52:15.000000
151300,"Upton, Runolfsson and O'Reilly",HX-24728,Hat,3,75.1,225.3,2014-08-03T07:55:47.000000
185412,"Goyette, Kessler and Goodwin",AE-95093,Socks,10,10.93,109.3,2014-07-11T17:20:23.000000
357988,Dietrich-Krajcik,QS-76400,Sweater,15,11.15,167.25,2014-02-21T08:57:47.000000
269278,Luettgen-Ritchie,QS-76400,Sweater,11,91.95,1011.45,2014-09-03T02:15:19.000000
823639,Reilly-Leannon,LK-02338,Sweater,11,72.65,799.15,2014-05-27T12:36:40.000000
400974,"Schimmel, Schaefer and Treutel",AE-95093,Socks,19,53.69,1020.11,2014-09-16T10:28:24.000000
780068,Stroman-Adams,AE-95093,Socks,9,86.56,779.04,2014-06-23T04:56:51.000000
566220,Collier Group,QS-76400,Sweater,6,90.08,540.48,2014-04-02T21:57:58.000000
169443,Larson-Huels,LK-02338,Sweater,1,31.0,31.0,2014-05-02T23:52:12.000000
371496,Dare-Aufderhar,LK-02338,Sweater,16,35.46,567.36,2014-02-26T13:21:02.000000
5971,Rogahn-Towne,AE-95093,Socks,5,69.25,346.25,2013-11-07T18:50:14.000000
841645,"Murray, Herzog and Treutel",ZC-07383,Sweater,16,63.2,1011.2,2014-08-22T19:22:19.000000
172430,"Legros, Stoltenberg and O'Keefe",XX-25746,Hat,7,12.57,87.99,2014-06-11T02:23:31.000000
50523,"Stamm, Oberbrunner and Hills",QS-76400,Sweater,6,19.61,117.66,2014-07-07T06:48:28.000000
816921,"Rolfson, Nolan and Mann",XX-25746,Hat,13,95.29,1238.77,2013-11-17T08:40:48.000000
190550,"Marvin, Johnson and McDermott",GS-95639,Socks,20,59.44,1188.8,2014-08-01T13:55:31.000000
789704,"Sporer, Hickle and Steuber",LK-02338,Sweater,3,97.6,292.8,2013-11-05T22:11:25.000000
300064,"Streich, Hermiston and Walsh",RU-25060,Sweater,15,31.37,470.55,2013-12-17T03:31:02.000000
558324,O'Keefe-Kuhlman,LK-02338,Sweater,20,58.62,1172.4,2013-12-28T01:49:48.000000
659158,Swift-Okuneva,AE-95093,Socks,15,21.53,322.95,2014-07-20T19:23:56.000000
881248,Runolfsdottir-VonRueden,XX-25746,Hat,4,52.43,209.72,2014-04-04T14:33:21.000000
313152,Wehner-Cruickshank,RU-25060,Sweater,19,29.5,560.5,2013-10-12T09:09:43.000000
91059,"Armstrong, Champlin and Ratke",XX-25746,Hat,7,83.9,587.3,2014-07-14T03:51:45.000000
624633,"Emmerich, Torp and Carter",QS-76400,Sweater,4,15.71,62.84,2013-11-03T12:23:33.000000
653729,Emmerich-Gerlach,RU-25060,Sweater,20,81.31,1626.2,2014-09-17T10:59:41.000000
438999,Kozey Ltd,XX-25746,Hat,4,28.84,115.36,2014-05-17T21:33:06.000000
686172,Feeney-Kessler,QS-76400,Sweater,11,56.56,622.16,2013-12-06T21:25:38.000000
618390,"Purdy, Fay and Bechtelar",XX-25746,Hat,3,27.79,83.37,2014-02-19T04:24:51.000000
143837,"Jast, Abshire and Jast",GS-95639,Socks,16,99.07,1585.12,2013-10-13T09:29:49.000000
49061,"Christiansen, Zulauf and Bosco",IC-59308,Socks,5,35.82,179.1,2014-04-25T18:05:38.000000
45241,O'Keefe LLC,HX-24728,Hat,7,87.78,614.46,2014-08-30T00:44:46.000000
879335,Schowalter-Spinka,QS-76400,Sweater,11,77.89,856.79,2013-10-11T09:53:39.000000
672858,Mayer LLC,HX-24728,Hat,15,35.66,534.9,2014-01-11T02:36:36.000000
527078,Kuvalis-Roberts,RU-25060,Sweater,9,80.78,727.02,2014-03-30T01:33:30.000000
824547,Langworth LLC,FT-50146,Sweater,15,63.8,957.0,2013-11-17T10:52:56.000000
935584,Jast-Jast,FT-50146,Sweater,1,64.53,64.53,2014-08-28T01:58:39.000000
973981,Kutch Inc,RU-25060,Sweater,10,63.78,637.8,2013-12-26T06:13:26.000000
116357,Terry PLC,HX-24728,Hat,20,22.65,453.0,2013-11-06T04:14:49.000000
212537,Wolff-Johnston,FT-50146,Sweater,20,73.16,1463.2,2013-12-26T06:35:13.000000
304389,Dickinson-McGlynn,GS-95639,Socks,4,65.46,261.84,2013-11-21T13:18:56.000000
44460,Leuschke PLC,QS-76400,Sweater,20,53.27,1065.4,2014-06-01T05:37:59.000000
484679,King and Sons,ZC-07383,Sweater,13,28.58,371.54,2014-04-08T06:16:06.000000
49773,Dickens-Ebert,IC-59308,Socks,2,38.08,76.16,2014-02-27T18:37:52.000000
269278,Luettgen-Ritchie,ZC-07383,Sweater,2,20.64,41.28,2014-09-27T15:47:56.000000
305893,Dickinson-Larson,ZC-07383,Sweater,13,45.33,589.29,2014-05-30T08:35:54.000000
979589,Brown Inc,FT-50146,Sweater,20,30.0,600.0,2013-11-13T23:36:52.000000
816921,"Rolfson, Nolan and Mann",FT-50146,Sweater,5,34.57,172.85,2014-04-10T21:39:24.000000
225551,Huels LLC,RU-25060,Sweater,16,74.9,1198.4,2013-12-25T20:53:55.000000
145616,"Wiza, Nolan and Johns",ZC-07383,Sweater,14,25.75,360.5,2013-12-07T23:40:46.000000
191828,Vandervort-Wunsch,GS-95639,Socks,11,40.98,450.78,2014-03-02T05:34:44.000000
341067,Lesch-Lang,XX-25746,Hat,10,65.41,654.1,2014-05-03T19:29:31.000000
178236,Kris and Sons,AE-95093,Socks,3,68.79,206.37,2014-03-10T03:33:15.000000
112757,Considine-Legros,IC-59308,Socks,8,82.52,660.16,2014-02-26T20:45:00.000000
50523,"Stamm, Oberbrunner and Hills",ZC-07383,Sweater,17,62.33,1059.61,2014-01-07T07:13:34.000000
115558,Miller PLC,RU-25060,Sweater,3,97.96,293.88,2014-06-13T04:05:36.000000
602985,"Raynor, Bartell and Jakubowski",IC-59308,Socks,12,96.4,1156.8,2014-03-07T10:01:10.000000
884468,Turcotte and Sons,XX-25746,Hat,19,28.85,548.15,2014-08-14T20:16:21.000000
206192,Nicolas-Emard,HX-24728,Hat,1,95.05,95.05,2014-04-29T08:52:26.000000
858206,"Conn, Kub and Collier",AE-95093,Socks,12,95.77,1149.24,2014-08-04T12:49:34.000000
225551,Huels LLC,QS-76400,Sweater,8,82.51,660.08,2014-08-28T11:16:54.000000
957279,Kozey-Roberts,ZC-07383,Sweater,15,79.42,1191.3,2014-06-29T20:38:21.000000
775495,Rippin-Gerlach,FT-50146,Sweater,16,67.5,1080.0,2014-05-22T10:58:42.000000
79480,Kautzer LLC,XX-25746,Hat,3,15.37,46.11,2013-10-09T03:43:24.000000
48242,"Corkery, King and Cassin",AE-95093,Socks,7,83.78,586.46,2013-10-04T03:35:17.000000
668727,Schaden and Sons,IC-59308,Socks,1,28.73,28.73,2014-07-16T18:40:13.000000
884576,"Schroeder, Hilpert and Quigley",LK-02338,Sweater,20,33.47,669.4,2013-12-27T18:06:05.000000
71960,Feest-Torphy,LK-02338,Sweater,15,37.69,565.35,2014-09-14T10:15:26.000000
714509,Willms PLC,FT-50146,Sweater,12,58.7,704.4,2014-09-29T12:14:09.000000
702153,Kautzer-Rolfson,HX-24728,Hat,12,41.75,501.0,2013-12-18T18:36:12.000000
84913,Zieme-Romaguera,QS-76400,Sweater,3,86.71,260.13,2013-11-20T13:59:21.000000
600954,"Bartell, Cronin and Abbott",IC-59308,Socks,9,32.49,292.41,2014-02-17T09:43:32.000000
423621,Beatty and Sons,HX-24728,Hat,4,80.01,320.04,2014-09-25T03:56:16.000000
224745,"Paucek, Cole and Ebert",RU-25060,Sweater,20,34.97,699.4,2014-04-29T18:06:19.000000
222704,Ernser-Dare,HX-24728,Hat,3,50.75,152.25,2014-07-15T08:43:35.000000
455768,Sawayn-Treutel,IC-59308,Socks,15,10.54,158.1,2014-01-22T10:16:21.000000
555482,"Bergstrom, Medhurst and Zieme",IC-59308,Socks,16,12.41,198.56,2014-03-27T08:01:56.000000
383015,Bartoletti Inc,FT-50146,Sweater,2,43.5,87.0,2014-01-26T09:31:20.000000
440852,"Bradtke, Daniel and Hagenes",GS-95639,Socks,19,95.38,1812.22,2014-08-17T00:36:11.000000
852731,"Leuschke, Haley and Green",HX-24728,Hat,10,42.33,423.3,2013-10-05T00:50:13.000000
659793,Fritsch-Paucek,RU-25060,Sweater,17,45.3,770.1,2014-02-15T18:13:59.000000
622744,Nader Group,GS-95639,Socks,9,64.24,578.16,2014-03-09T05:35:10.000000
785380,Veum Inc,AE-95093,Socks,1,95.21,95.21,2013-12-01T07:41:14.000000
680569,"Cummerata, Ryan and Moen",RU-25060,Sweater,6,76.65,459.9,2014-03-15T19:52:22.000000
17915,Huel Inc,XX-25746,Hat,2,50.39,100.78,2014-05-14T09:59:11.000000
948283,"Stoltenberg, Muller and Mertz",LK-02338,Sweater,6,79.15,474.9,2013-10-22T07:43:55.000000
352978,Kemmer Group,RU-25060,Sweater,20,84.7,1694.0,2014-07-21T12:56:32.000000
868055,Kuhlman-Lubowitz,QS-76400,Sweater,18,51.18,921.24,2013-11-26T03:37:44.000000
910468,"Lockman, Fisher and Considine",FT-50146,Sweater,1,25.18,25.18,2013-10-14T09:36:20.000000
317545,"Williamson, Olson and Funk",GS-95639,Socks,2,19.16,38.32,2014-03-27T04:27:43.000000
991976,Hansen-Feeney,AE-95093,Socks,3,78.25,234.75,2014-08-18T08:05:04.000000
490635,Hessel and Sons,QS-76400,Sweater,4,57.63,230.52,2013-12-24T15:01:04.000000
708467,Homenick-Cremin,HX-24728,Hat,18,26.77,481.86,2014-01-16T01:28:22.000000
910923,McCullough-Glover,RU-25060,Sweater,20,56.85,1137.0,2013-12-19T22:37:45.000000
689693,"Howe, Witting and Luettgen",IC-59308,Socks,3,81.63,244.89,2013-12-09T17:54:12.000000
39521,Wuckert-Yost,RU-25060,Sweater,1,86.25,86.25,2013-12-05T19:47:09.000000
291673,Kuhlman Inc,IC-59308,Socks,9,11.56,104.04,2013-10-17T02:34:20.000000
349982,"Miller, Bechtelar and Haley",LK-02338,Sweater,16,81.66,1306.56,2013-12-12T06:31:54.000000
31780,"Little, Stokes and McClure",FT-50146,Sweater,18,56.55,1017.9,2014-01-30T05:36:35.000000
702153,Kautzer-Rolfson,ZC-07383,Sweater,12,94.58,1134.96,2014-08-06T09:58:40.000000
520942,"Graham, Block and Bergstrom",QS-76400,Sweater,2,35.13,70.26,2013-11-22T11:43:50.000000
218356,Bergnaum-Green,IC-59308,Socks,13,67.18,873.34,2014-07-22T23:30:36.000000
271238,"Runolfsdottir, Rolfson and Pacocha",RU-25060,Sweater,14,60.77,850.78,2014-04-03T22:57:35.000000
346891,"Weimann, Swift and Conroy",LK-02338,Sweater,18,52.24,940.32,2014-02-07T03:15:43.000000
613570,Beier and Sons,QS-76400,Sweater,3,26.14,78.42,2013-10-28T18:08:12.000000
801586,Watsica PLC,LK-02338,Sweater,1,46.88,46.88,2014-04-04T07:02:06.000000
343481,Mills Inc,LK-02338,Sweater,18,68.66,1235.88,2014-03-31T04:40:02.000000
443206,"Wilkinson, Pagac and Cole",RU-25060,Sweater,20,68.56,1371.2,2014-05-07T01:26:30.000000
596296,"Ferry, Howe and Stokes",IC-59308,Socks,11,50.73,558.03,2014-09-04T00:15:38.000000
651647,Monahan-Sanford,QS-76400,Sweater,11,85.47,940.17,2014-02-08T05:03:00.000000
621565,Parker LLC,ZC-07383,Sweater,3,99.02,297.06,2014-06-07T14:45:19.000000
40033,"Schamberger, Hudson and Kuhic",GS-95639,Socks,2,26.45,52.9,2014-07-30T20:10:37.000000
558485,Labadie-Zemlak,FT-50146,Sweater,13,28.7,373.1,2014-04-05T01:54:56.000000
91059,"Armstrong, Champlin and Ratke",LK-02338,Sweater,19,10.44,198.36,2014-03-24T12:41:54.000000
292165,Luettgen PLC,GS-95639,Socks,6,54.15,324.9,2014-09-25T09:19:21.000000
542855,Kuhlman and Sons,RU-25060,Sweater,18,86.2,1551.6,2013-10-28T20:08:42.000000
265520,Pagac-Robel,FT-50146,Sweater,9,80.18,721.62,2013-10-19T23:57:00.000000
731732,Bergstrom-Wisoky,FT-50146,Sweater,14,96.1,1345.4,2013-11-19T11:21:19.000000
104535,Kling and Sons,QS-76400,Sweater,14,39.92,558.88,2014-02-02T01:50:14.000000
461185,"Witting, Anderson and Graham",XX-25746,Hat,7,31.66,221.62,2014-07-27T15:23:05.000000
200079,Cruickshank-Hamill,RU-25060,Sweater,12,57.39,688.68,2014-02-02T06:43:30.000000
944406,Borer Inc,IC-59308,Socks,10,87.73,877.3,2013-10-11T06:47:49.000000
128883,Tremblay-Kassulke,XX-25746,Hat,20,70.21,1404.2,2013-12-23T22:36:54.000000
853091,Becker PLC,QS-76400,Sweater,4,63.15,252.6,2014-07-12T21:22:24.000000
978504,Casper and Sons,RU-25060,Sweater,19,28.97,550.43,2013-12-26T22:55:14.000000
752355,Bashirian-Lakin,FT-50146,Sweater,10,35.52,355.2,2014-07-07T04:34:20.000000
740721,"Dickens, Jewess and Schinner",LK-02338,Sweater,12,69.96,839.52,2014-04-23T15:52:31.000000
189941,"Brakus, Kuhn and Gusikowski",AE-95093,Socks,18,57.55,1035.9,2014-08-06T19:30:37.000000
767440,"Bahringer, Okuneva and Legros",XX-25746,Hat,20,16.15,323.0,2014-05-11T11:58:18.000000
374609,"Homenick, Roob and Beatty",AE-95093,Socks,14,27.96,391.44,2013-12-23T16:05:15.000000
389408,Koch-Ledner,XX-25746,Hat,15,37.72,565.8,2013-10-19T12:42:29.000000
39533,Leannon-Langosh,LK-02338,Sweater,16,68.82,1101.12,2014-05-16T07:26:54.000000
687230,Wunsch-Koelpin,IC-59308,Socks,16,98.15,1570.4,2014-02-04T17:13:45.000000
384516,"Grant, Waelchi and Wyman",ZC-07383,Sweater,3,15.4,46.2,2014-03-21T13:03:20.000000
426360,Wunsch Inc,ZC-07383,Sweater,8,62.94,503.52,2014-04-27T22:03:51.000000
911360,"Fisher, Wuckert and Smitham",RU-25060,Sweater,14,72.49,1014.86,2014-01-07T01:24:07.000000
951852,Jenkins Ltd,ZC-07383,Sweater,15,80.62,1209.3,2014-01-11T20:19:33.000000
915519,Will-Hoeger,LK-02338,Sweater,14,48.32,676.48,2014-06-05T05:02:49.000000
136057,Conroy LLC,AE-95093,Socks,3,71.65,214.95,2014-04-08T00:17:32.000000
829783,Hyatt-Rohan,HX-24728,Hat,16,41.6,665.6,2014-01-26T11:29:07.000000
930445,Kuhlman-Abbott,LK-02338,Sweater,8,29.23,233.84,2014-01-11T02:14:29.000000
487807,"Osinski, Littel and Bartoletti",QS-76400,Sweater,3,61.15,183.45,2014-07-30T06:53:12.000000
972195,"Lemke, Aufderhar and Nitzsche",IC-59308,Socks,8,49.56,396.48,2013-11-17T15:43:00.000000
134966,Weimann-Parisian,QS-76400,Sweater,5,43.17,215.85,2014-09-04T14:35:58.000000
597068,Spencer-Watsica,XX-25746,Hat,6,89.38,536.28,2014-01-09T09:20:23.000000
780349,Douglas Inc,FT-50146,Sweater,6,37.19,223.14,2013-10-03T15:07:03.000000
799421,Schultz Group,IC-59308,Socks,14,10.68,149.52,2013-11-05T01:14:19.000000
791743,Medhurst and Sons,HX-24728,Hat,20,25.04,500.8,2014-05-16T11:33:03.000000
173693,Halvorson PLC,XX-25746,Hat,17,37.95,645.15,2013-11-26T02:39:40.000000
172247,"Mosciski, Hansen and Grant",QS-76400,Sweater,2,99.92,199.84,2014-05-05T16:24:59.000000
418201,Kuhn Ltd,LK-02338,Sweater,8,43.46,347.68,2013-12-21T23:59:55.000000
710898,"Nikolaus, Lehner and Swift",RU-25060,Sweater,8,67.78,542.24,2013-12-15T06:19:05.000000
399218,Kulas-Bernhard,HX-24728,Hat,19,59.25,1125.75,2014-09-07T06:21:53.000000
631502,"Padberg, Wuckert and Jacobson",RU-25060,Sweater,10,50.83,508.3,2014-06-24T03:24:09.000000
674141,Bahringer-Kassulke,GS-95639,Socks,7,10.25,71.75,2013-11-30T00:15:28.000000
757632,Breitenberg-Harvey,GS-95639,Socks,12,16.91,202.92,2013-12-27T16:08:01.000000
337183,"Batz, Nienow and Jenkins",XX-25746,Hat,17,73.4,1247.8,2013-10-29T05:06:47.000000
320821,Lockman LLC,XX-25746,Hat,16,44.9,718.4,2013-12-01T15:03:01.000000
12965,Gaylord Inc,RU-25060,Sweater,2,26.7,53.4,2013-11-16T00:51:24.000000
507817,O'Conner-Abbott,RU-25060,Sweater,11,14.04,154.44,2013-10-26T10:34:56.000000
394424,Russel-Green,RU-25060,Sweater,8,29.13,233.04,2014-09-10T00:00:13.000000
654796,Heaney Group,LK-02338,Sweater,6,77.25,463.5,2014-08-07T09:36:15.000000
455768,Sawayn-Treutel,LK-02338,Sweater,18,41.39,745.02,2013-12-04T02:07:19.000000
920517,Shields and Sons,QS-76400,Sweater,11,90.57,996.27,2014-08-03T03:37:02.000000
254523,Pacocha-Abbott,LK-02338,Sweater,6,18.96,113.76,2014-05-20T07:03:43.000000
400439,Kovacek-Dicki,ZC-07383,Sweater,7,39.57,276.99,2013-11-03T11:00:10.000000
330111,Harber Ltd,IC-59308,Socks,7,77.44,542.08,2014-03-16T03:12:05.000000
897322,"Hilll, Schultz and Braun",RU-25060,Sweater,20,93.23,1864.6,2014-03-29T08:00:13.000000
726918,"Schmidt, Oberbrunner and Beier",HX-24728,Hat,18,32.67,588.06,2014-05-25T04:13:27.000000
198887,Shanahan-Bartoletti,XX-25746,Hat,18,55.56,1000.08,2014-07-28T03:06:34.000000
645451,Rowe-Miller,XX-25746,Hat,5,26.95,134.75,2014-09-19T10:55:49.000000
873132,Nolan-Wolf,QS-76400,Sweater,5,74.7,373.5,2014-06-05T19:15:25.000000
823932,"Johns, Hermann and Wolf",IC-59308,Socks,14,86.45,1210.3,2014-04-02T13:57:13.000000
668727,Schaden and Sons,ZC-07383,Sweater,20,58.4,1168.0,2014-09-21T17:41:17.000000
216227,Mueller Inc,AE-95093,Socks,14,26.23,367.22,2014-03-18T12:07:04.000000
170224,"Grimes, Walker and Schowalter",XX-25746,Hat,18,41.38,744.84,2014-09-30T06:47:11.000000
974584,"Armstrong, McKenzie and Greenholt",IC-59308,Socks,4,31.26,125.04,2013-11-22T06:31:18.000000
870007,"Gerhold, Denesik and Casper",XX-25746,Hat,8,76.03,608.24,2013-12-25T14:39:19.000000
265759,Lockman-Trantow,ZC-07383,Sweater,11,18.96,208.56,2014-01-02T10:54:39.000000
673552,Schoen-Schultz,FT-50146,Sweater,17,66.32,1127.44,2014-09-16T10:36:40.000000
291673,Kuhlman Inc,XX-25746,Hat,11,19.57,215.27,2014-06-20T02:01:26.000000
159317,"Lemke, Boyle and Torphy",ZC-07383,Sweater,20,13.84,276.8,2014-05-25T13:33:43.000000
825544,"Flatley, Prohaska and VonRueden",LK-02338,Sweater,17,50.68,861.56,2013-10-10T06:27:13.000000
441354,"Kreiger, Johnson and Conn",ZC-07383,Sweater,2,66.94,133.88,2014-04-23T15:12:29.000000
271303,Effertz-Hoppe,QS-76400,Sweater,14,18.3,256.2,2014-08-09T02:55:43.000000
41711,Koepp-McLaughlin,QS-76400,Sweater,18,72.13,1298.34,2014-02-23T11:01:10.000000
180324,Reynolds Group,QS-76400,Sweater,13,88.13,1145.69,2014-02-11T13:15:47.000000
751708,"Toy, Macejkovic and Fadel",QS-76400,Sweater,9,38.71,348.39,2014-07-26T10:52:41.000000
248672,Waelchi-Rau,AE-95093,Socks,11,48.59,534.49,2014-03-19T22:06:05.000000
831504,Grady-Boyer,LK-02338,Sweater,12,48.23,578.76,2013-10-07T23:03:08.000000
166594,"Jacobs, Stiedemann and Beatty",GS-95639,Socks,9,23.11,207.99,2014-01-03T23:14:17.000000
302621,Cole Group,RU-25060,Sweater,14,74.46,1042.44,2014-03-05T06:27:06.000000
278424,Paucek-Wilkinson,RU-25060,Sweater,12,72.01,864.12,2014-02-20T18:00:25.000000
391072,Ledner and Sons,XX-25746,Hat,13,39.41,512.33,2013-11-01T07:02:51.000000
124671,Schultz-Mills,LK-02338,Sweater,13,29.78,387.14,2013-10-24T04:53:41.000000
826893,"Schinner, Cruickshank and Ziemann",FT-50146,Sweater,5,10.88,54.4,2014-05-12T20:32:40.000000
482888,Haag Inc,AE-95093,Socks,19,18.92,359.48,2014-01-09T09:47:03.000000
72225,"Ledner, Koss and Ziemann",FT-50146,Sweater,16,25.35,405.6,2014-09-25T21:24:40.000000
685048,Schultz Group,XX-25746,Hat,13,94.05,1222.65,2014-04-25T11:25:08.000000
727064,"Bashirian, Beier and Watsica",GS-95639,Socks,7,64.53,451.71,2014-06-16T10:21:28.000000
78536,"Effertz, Stroman and Stroman",LK-02338,Sweater,13,33.15,430.95,2014-02-25T13:46:51.000000
788245,"Sipes, Stehr and Pacocha",ZC-07383,Sweater,2,92.54,185.08,2014-02-20T02:27:25.000000
254523,Pacocha-Abbott,HX-24728,Hat,4,44.87,179.48,2014-06-24T16:37:56.000000
51256,"Kohler, Legros and Jerde",FT-50146,Sweater,10,15.7,157.0,2014-09-14T17:40:07.000000
98622,"DuBuque, Lind and Towne",LK-02338,Sweater,6,61.5,369.0,2014-01-08T19:49:58.000000
480628,Daugherty-Olson,QS-76400,Sweater,4,83.14,332.56,2014-08-17T19:00:11.000000
954905,Heaney and Sons,RU-25060,Sweater,10,21.43,214.3,2013-11-08T09:35:55.000000
957040,"Bernhard, Price and Bogan",RU-25060,Sweater,2,40.34,80.68,2014-05-19T06:33:35.000000
848530,McKenzie-Wiza,QS-76400,Sweater,11,20.47,225.17,2014-02-19T22:54:02.000000
577407,"Boehm, Gerlach and McClure",QS-76400,Sweater,20,17.76,355.2,2014-02-13T11:16:50.000000
647742,"Swaniawski, Hettinger and Dickinson",XX-25746,Hat,13,31.42,408.46,2014-08-10T19:58:12.000000
686172,Feeney-Kessler,IC-59308,Socks,18,69.04,1242.72,2014-07-09T07:33:35.000000
433327,Zulauf-Will,HX-24728,Hat,10,16.34,163.4,2014-05-05T07:36:02.000000
707783,Sanford-Jacobs,GS-95639,Socks,2,97.77,195.54,2014-01-08T00:50:01.000000
957040,"Bernhard, Price and Bogan",HX-24728,Hat,11,19.87,218.57,2014-02-05T03:50:45.000000
426224,"Klein, Klein and Schamberger",ZC-07383,Sweater,4,50.68,202.72,2013-11-29T16:14:11.000000
326369,Schmitt-Bruen,GS-95639,Socks,8,46.6,372.8,2014-09-07T02:33:37.000000
243642,Paucek-Stehr,QS-76400,Sweater,20,68.91,1378.2,2014-03-06T13:54:24.000000
727064,"Bashirian, Beier and Watsica",XX-25746,Hat,15,65.94,989.1,2014-02-17T07:14:33.000000
527078,Kuvalis-Roberts,GS-95639,Socks,2,62.12,124.24,2014-01-02T19:04:33.000000
314575,"Mraz, Romaguera and Schiller",HX-24728,Hat,5,73.59,367.95,2014-05-17T22:04:47.000000
431043,Grimes-Schmidt,FT-50146,Sweater,9,39.08,351.72,2014-01-09T04:43:45.000000
40995,"McLaughlin, McKenzie and Kulas",ZC-07383,Sweater,19,51.38,976.22,2014-03-02T22:55:33.000000
277918,"Gerhold, Wisoky and Streich",IC-59308,Socks,12,59.11,709.32,2014-06-21T13:45:25.000000
534393,Heathcote-Schaden,ZC-07383,Sweater,7,61.31,429.17,2014-05-05T13:18:04.000000
357988,Dietrich-Krajcik,IC-59308,Socks,15,42.89,643.35,2013-10-18T06:35:35.000000
924946,"Bednar, Flatley and Kozey",RU-25060,Sweater,20,34.19,683.8,2014-05-31T23:36:46.000000
399553,Ortiz-Jenkins,LK-02338,Sweater,10,98.74,987.4,2014-07-13T00:23:16.000000
734285,Lang-Koss,FT-50146,Sweater,1,95.13,95.13,2014-06-27T18:55:55.000000
943137,Walter-Witting,ZC-07383,Sweater,6,16.12,96.72,2014-06-05T12:07:23.000000
369229,Bartell-Kulas,FT-50146,Sweater,5,90.94,454.7,2014-01-11T20:11:47.000000
420556,Beer-Schaden,IC-59308,Socks,6,76.22,457.32,2014-08-11T09:39:24.000000
95951,Russel Ltd,GS-95639,Socks,6,33.65,201.9,2014-06-28T13:35:26.000000
206192,Nicolas-Emard,LK-02338,Sweater,1,41.73,41.73,2013-10-29T00:29:16.000000
194257,Kuhn PLC,ZC-07383,Sweater,14,42.27,591.78,2014-09-30T19:57:34.000000
508938,Stark-Kuhic,QS-76400,Sweater,14,28.91,404.74,2014-08-25T20:07:38.000000
87908,"Torphy, Turner and McClure",FT-50146,Sweater,7,64.95,454.65,2014-06-07T11:09:23.000000
644131,Batz-Dare,XX-25746,Hat,15,52.67,790.05,2014-08-21T09:54:32.000000
872888,"Hettinger, Jewess and Hegmann",RU-25060,Sweater,3,58.11,174.33,2014-09-24T14:37:09.000000
803666,Fritsch-Glover,RU-25060,Sweater,13,23.34,303.42,2014-02-27T16:28:34.000000
786452,"Kuphal, Flatley and Casper",LK-02338,Sweater,6,98.35,590.1,2014-08-08T19:31:23.000000
140484,Aufderhar-O'Hara,AE-95093,Socks,11,60.87,669.57,2014-06-27T21:35:51.000000
400974,"Schimmel, Schaefer and Treutel",GS-95639,Socks,8,81.2,649.6,2013-12-16T22:26:09.000000
172655,Heidenreich-VonRueden,FT-50146,Sweater,8,45.12,360.96,2014-05-16T13:21:02.000000
194257,Kuhn PLC,AE-95093,Socks,5,69.26,346.3,2014-09-16T19:25:33.000000
935914,"Parker, Morar and Fritsch",LK-02338,Sweater,15,62.59,938.85,2014-02-17T16:22:52.000000
229695,O'Kon-Bergnaum,FT-50146,Sweater,15,51.24,768.6,2014-01-05T11:43:20.000000
4450,Beier-Bosco,HX-24728,Hat,4,61.98,247.92,2014-04-16T13:40:01.000000
556347,"O'Connell, Huel and Kunde",QS-76400,Sweater,2,20.23,40.46,2014-09-17T21:03:01.000000
570110,Pollich Inc,AE-95093,Socks,10,12.54,125.4,2014-02-28T20:23:09.000000
174018,"Sanford, Mante and Kshlerin",ZC-07383,Sweater,14,59.77,836.78,2014-04-22T19:50:23.000000
666731,Quigley-Terry,IC-59308,Socks,19,38.97,740.43,2014-03-17T08:44:30.000000
428333,Corkery-Torphy,IC-59308,Socks,5,61.69,308.45,2013-11-15T07:06:31.000000
881248,Runolfsdottir-VonRueden,XX-25746,Hat,13,29.09,378.17,2014-07-25T03:53:14.000000
959810,"Price, Bernhard and Bogisich",AE-95093,Socks,3,85.24,255.72,2014-09-12T11:53:14.000000
794594,Swift Group,GS-95639,Socks,4,96.78,387.12,2014-07-16T14:23:41.000000
70851,Conroy-Schaden,XX-25746,Hat,15,33.26,498.9,2014-05-26T04:29:01.000000
513158,Rogahn-D'Amore,GS-95639,Socks,10,88.08,880.8,2014-03-15T20:57:57.000000
622744,Nader Group,GS-95639,Socks,18,42.62,767.16,2014-02-09T05:08:54.000000
105125,Becker LLC,FT-50146,Sweater,2,77.35,154.7,2014-06-07T09:34:41.000000
361615,"Kreiger, Satterfield and Mertz",RU-25060,Sweater,10,92.49,924.9,2013-10-17T23:14:46.000000
910373,"Harris, Gleason and Medhurst",XX-25746,Hat,12,42.78,513.36,2014-06-04T01:21:33.000000
943137,Walter-Witting,HX-24728,Hat,17,24.41,414.97,2013-11-21T04:37:41.000000
487807,"Osinski, Littel and Bartoletti",XX-25746,Hat,4,31.25,125.0,2014-05-06T14:18:58.000000
335539,Price Group,HX-24728,Hat,3,91.77,275.31,2014-04-28T07:50:05.000000
722921,Thompson-Gislason,XX-25746,Hat,6,90.73,544.38,2014-03-07T03:00:31.000000
403847,Ankunding-McCullough,FT-50146,Sweater,2,66.15,132.3,2014-04-14T12:10:06.000000
576212,Feest Ltd,LK-02338,Sweater,5,47.18,235.9,2014-08-02T18:22:53.000000
200079,Cruickshank-Hamill,IC-59308,Socks,8,99.08,792.64,2014-04-10T13:59:44.000000
365614,"Kertzmann, Hodkiewicz and Kohler",XX-25746,Hat,20,53.87,1077.4,2013-12-28T09:40:26.000000
434955,Ledner-Kling,HX-24728,Hat,6,73.81,442.86,2014-03-13T02:18:30.000000
317998,"Wilderman, Stamm and Kshlerin",RU-25060,Sweater,12,84.47,1013.64,2014-06-08T17:04:40.000000
573320,Hickle Ltd,ZC-07383,Sweater,8,46.52,372.16,2014-03-10T18:40:33.000000
495855,Green-Koss,IC-59308,Socks,2,98.53,197.06,2013-12-20T11:49:52.000000
558940,Klocko Inc,XX-25746,Hat,16,47.06,752.96,2013-11-29T06:42:12.000000
356187,"Stanton, Hills and Rolfson",FT-50146,Sweater,4,37.27,149.08,2014-02-23T04:44:14.000000
464129,Ryan PLC,QS-76400,Sweater,3,24.32,72.96,2014-08-16T01:12:24.000000
161076,"Wiegand, Boyle and Oberbrunner",AE-95093,Socks,13,90.23,1172.99,2013-12-30T13:47:45.000000
233895,Gleason-Cremin,ZC-07383,Sweater,2,19.69,39.38,2014-07-22T12:03:32.000000
430911,Abbott PLC,IC-59308,Socks,19,39.76,755.44,2014-03-18T16:11:54.000000
931007,"Will, Schamberger and Wehner",HX-24728,Hat,11,46.97,516.67,2014-05-04T16:34:45.000000
178061,"Howe, Schneider and Herzog",RU-25060,Sweater,11,15.3,168.3,2014-05-28T12:17:10.000000
428801,Koepp-Ritchie,XX-25746,Hat,17,75.66,1286.22,2014-09-22T07:56:56.000000
223706,"Gusikowski, Friesen and Walter",IC-59308,Socks,1,68.69,68.69,2014-04-04T23:36:59.000000
143282,Skiles LLC,RU-25060,Sweater,9,42.43,381.87,2014-07-21T15:40:42.000000
579994,Weissnat Group,LK-02338,Sweater,10,82.59,825.9,2014-09-30T02:22:08.000000
477416,Rempel Ltd,AE-95093,Socks,10,18.62,186.2,2014-05-26T13:29:38.000000
223656,Hoeger-Emard,RU-25060,Sweater,1,18.24,18.24,2014-05-18T17:36:13.000000
550786,Maggio Ltd,QS-76400,Sweater,14,78.59,1100.26,2014-09-07T00:41:00.000000
723940,Nitzsche Group,IC-59308,Socks,11,82.37,906.07,2013-12-16T16:35:13.000000
485244,Durgan Ltd,AE-95093,Socks,20,97.93,1958.6,2014-04-23T21:53:55.000000
40995,"McLaughlin, McKenzie and Kulas",HX-24728,Hat,12,14.5,174.0,2014-03-26T08:43:01.000000
245156,Herzog-Homenick,AE-95093,Socks,15,70.08,1051.2,2013-12-11T16:26:02.000000
271303,Effertz-Hoppe,IC-59308,Socks,1,29.55,29.55,2014-03-07T19:43:32.000000
265759,Lockman-Trantow,RU-25060,Sweater,19,67.74,1287.06,2014-01-31T15:24:24.000000
434955,Ledner-Kling,RU-25060,Sweater,11,85.05,935.55,2014-08-16T03:48:01.000000
161076,"Wiegand, Boyle and Oberbrunner",AE-95093,Socks,9,22.48,202.32,2014-05-28T02:36:43.000000
327782,Wiegand-Reynolds,RU-25060,Sweater,16,65.59,1049.44,2014-01-21T06:35:59.000000
556347,"O'Connell, Huel and Kunde",LK-02338,Sweater,2,58.27,116.54,2013-10-09T07:16:08.000000
131776,Kuvalis Inc,RU-25060,Sweater,6,19.56,117.36,2013-11-24T06:16:00.000000
944406,Borer Inc,AE-95093,Socks,16,51.46,823.36,2014-07-19T21:54:20.000000
705775,Wilderman Group,RU-25060,Sweater,12,68.76,825.12,2014-09-26T00:40:26.000000
5971,Rogahn-Towne,LK-02338,Sweater,4,35.68,142.72,2014-04-26T14:53:49.000000
119756,"Paucek, Schmeler and Runte",AE-95093,Socks,11,55.05,605.55,2014-02-04T12:43:21.000000
290386,Kreiger-O'Connell,HX-24728,Hat,3,72.55,217.65,2014-09-18T01:08:20.000000
192686,Walter Inc,IC-59308,Socks,4,95.98,383.92,2014-03-05T06:03:36.000000
216813,Mraz and Sons,RU-25060,Sweater,17,42.94,729.98,2014-04-20T06:28:03.000000
985991,"Kuvalis, Beahan and Turcotte",IC-59308,Socks,7,11.97,83.79,2014-06-27T20:13:10.000000
302621,Cole Group,QS-76400,Sweater,13,98.76,1283.88,2014-01-05T13:33:10.000000
894083,Kiehn-Mueller,LK-02338,Sweater,12,94.56,1134.72,2014-04-04T23:07:26.000000
750871,Cremin PLC,LK-02338,Sweater,12,97.82,1173.84,2014-05-28T20:02:04.000000
369229,Bartell-Kulas,IC-59308,Socks,3,72.86,218.58,2014-06-09T19:11:06.000000
705775,Wilderman Group,XX-25746,Hat,20,87.45,1749.0,2014-07-21T14:35:52.000000
606621,"Stokes, Stokes and Berge",RU-25060,Sweater,7,72.84,509.88,2014-03-21T18:27:36.000000
442413,"Schmeler, Greenholt and Pagac",XX-25746,Hat,5,46.5,232.5,2014-07-15T00:55:28.000000
633249,"Willms, Osinski and Reinger",AE-95093,Socks,2,39.37,78.74,2014-08-03T00:20:26.000000
405492,"Langosh, Schamberger and Grimes",RU-25060,Sweater,19,79.21,1504.99,2013-12-31T23:03:41.000000
230649,Willms-Ankunding,LK-02338,Sweater,9,98.94,890.46,2014-09-29T20:28:01.000000
947492,Ryan LLC,IC-59308,Socks,13,30.58,397.54,2014-07-28T04:57:13.000000
870007,"Gerhold, Denesik and Casper",RU-25060,Sweater,5,37.58,187.9,2014-01-09T09:39:13.000000
823932,"Johns, Hermann and Wolf",QS-76400,Sweater,12,63.35,760.2,2014-01-22T09:20:45.000000
494896,Luettgen-Johns,LK-02338,Sweater,9,34.13,307.17,2014-01-06T14:32:09.000000
166245,Dietrich LLC,QS-76400,Sweater,15,19.65,294.75,2014-07-20T01:39:26.000000
873289,Cartwright and Sons,LK-02338,Sweater,16,22.89,366.24,2013-10-09T01:27:15.000000
119873,"Hane, Goldner and Deckow",IC-59308,Socks,7,26.33,184.31,2014-08-11T17:07:45.000000
88948,Schulist-Stokes,HX-24728,Hat,15,64.6,969.0,2014-02-17T18:52:36.000000
172247,"Mosciski, Hansen and Grant",RU-25060,Sweater,12,13.96,167.52,2014-02-11T23:45:31.000000
788202,"Hahn, Beahan and Heidenreich",ZC-07383,Sweater,8,94.2,753.6,2014-08-17T09:57:38.000000
556347,"O'Connell, Huel and Kunde",HX-24728,Hat,11,92.95,1022.45,2014-04-25T04:51:16.000000
464129,Ryan PLC,IC-59308,Socks,8,76.22,609.76,2014-08-18T21:50:01.000000
678977,Klocko Group,QS-76400,Sweater,12,20.48,245.76,2014-08-30T06:06:22.000000
269278,Luettgen-Ritchie,IC-59308,Socks,12,20.57,246.84,2014-02-18T08:52:02.000000
726447,"Lemke, Wolff and Baumbach",QS-76400,Sweater,11,63.33,696.63,2014-04-26T23:48:15.000000
947492,Ryan LLC,QS-76400,Sweater,14,38.41,537.74,2013-10-01T02:57:18.000000
740191,Wiza-Langworth,GS-95639,Socks,17,39.41,669.97,2014-06-23T18:35:15.000000
761873,"Lesch, Von and Dooley",AE-95093,Socks,13,50.33,654.29,2014-08-05T10:43:12.000000
512596,Muller Ltd,RU-25060,Sweater,12,28.37,340.44,2014-07-24T07:24:13.000000
555816,Bergnaum-Jerde,GS-95639,Socks,11,41.01,451.11,2014-06-30T20:36:51.000000
284002,Glover-Reilly,LK-02338,Sweater,1,62.52,62.52,2013-10-24T06:08:07.000000
106225,Padberg-Borer,ZC-07383,Sweater,3,51.25,153.75,2014-01-06T03:01:13.000000
880448,Pfeffer Group,AE-95093,Socks,13,95.24,1238.12,2014-05-13T23:38:06.000000
460436,Baumbach LLC,XX-25746,Hat,2,39.17,78.34,2013-10-29T14:33:23.000000
668727,Schaden and Sons,IC-59308,Socks,8,50.22,401.76,2013-10-25T17:43:22.000000
261065,Mosciski-White,QS-76400,Sweater,5,69.1,345.5,2014-09-13T08:50:31.000000
957040,"Bernhard, Price and Bogan",FT-50146,Sweater,5,17.18,85.9,2014-04-28T08:40:48.000000
349982,"Miller, Bechtelar and Haley",RU-25060,Sweater,5,44.27,221.35,2014-04-24T10:44:46.000000
897322,"Hilll, Schultz and Braun",LK-02338,Sweater,20,37.46,749.2,2013-12-15T21:27:53.000000
211786,"Altenwerth, Stokes and Paucek",RU-25060,Sweater,13,64.87,843.31,2014-06-25T07:38:43.000000
406764,"VonRueden, Ritchie and Reilly",AE-95093,Socks,14,50.48,706.72,2014-05-17T03:38:57.000000
370320,Hansen Inc,AE-95093,Socks,6,94.32,565.92,2014-09-25T03:08:10.000000
989350,Lang Ltd,ZC-07383,Sweater,17,18.68,317.56,2014-08-06T07:05:58.000000
936362,Goodwin Group,HX-24728,Hat,12,71.76,861.12,2014-07-30T02:08:07.000000
510820,Fritsch Group,LK-02338,Sweater,20,37.25,745.0,2014-05-05T20:34:18.000000
4450,Beier-Bosco,FT-50146,Sweater,13,73.24,952.12,2013-10-15T13:03:17.000000
767440,"Bahringer, Okuneva and Legros",XX-25746,Hat,19,44.64,848.16,2013-12-26T20:08:13.000000
849296,"Lakin, Welch and Bahringer",ZC-07383,Sweater,7,57.71,403.97,2014-09-23T03:51:42.000000
117149,"Koepp, Witting and Collier",FT-50146,Sweater,14,89.22,1249.08,2013-12-16T02:41:48.000000
88948,Schulist-Stokes,FT-50146,Sweater,6,68.64,411.84,2014-02-04T04:11:54.000000
821542,Heaney-Hilll,GS-95639,Socks,14,69.96,979.44,2013-10-29T04:38:47.000000
304649,"Kutch, Sauer and Block",GS-95639,Socks,13,37.91,492.83,2013-11-19T02:27:59.000000
626759,"Stracke, Lemke and Gutkowski",HX-24728,Hat,19,35.53,675.07,2014-02-24T05:47:37.000000
186272,Kuhn Inc,AE-95093,Socks,2,51.94,103.88,2014-08-14T19:13:31.000000
385821,Block-Sporer,IC-59308,Socks,16,72.23,1155.68,2014-05-04T21:47:29.000000
602985,"Raynor, Bartell and Jakubowski",HX-24728,Hat,12,83.38,1000.56,2014-05-09T17:21:33.000000
88092,"Spinka, Morissette and Schinner",QS-76400,Sweater,19,11.1,210.9,2014-08-04T13:12:58.000000
727064,"Bashirian, Beier and Watsica",LK-02338,Sweater,15,91.25,1368.75,2014-09-06T07:42:48.000000
192300,"Wiza, Schneider and Parker",HX-24728,Hat,16,89.84,1437.44,2014-08-23T19:09:22.000000
549959,Bartoletti-Schiller,QS-76400,Sweater,17,11.2,190.4,2013-11-17T05:51:45.000000
294664,"Roob, Barton and Kozey",FT-50146,Sweater,13,32.31,420.03,2014-03-28T13:05:30.000000
582127,Mann-Schmitt,ZC-07383,Sweater,3,44.93,134.79,2014-05-26T01:57:51.000000
729939,Breitenberg-Hoppe,LK-02338,Sweater,5,13.73,68.65,2014-07-27T11:01:12.000000
809391,"Murphy, Pfannerstill and Mann",GS-95639,Socks,20,39.29,785.8,2014-07-11T08:26:48.000000
444226,"O'Conner, Hegmann and Harris",IC-59308,Socks,16,46.75,748.0,2014-08-16T13:08:57.000000
549959,Bartoletti-Schiller,RU-25060,Sweater,4,60.19,240.76,2014-04-12T14:30:50.000000
457328,"Mante, Emmerich and Hirthe",FT-50146,Sweater,10,29.92,299.2,2014-08-26T04:20:57.000000
892834,"Bode, Greenholt and Lang",XX-25746,Hat,7,14.43,101.01,2014-08-10T00:15:06.000000
767440,"Bahringer, Okuneva and Legros",ZC-07383,Sweater,8,87.78,702.24,2014-05-14T12:01:30.000000
137198,"VonRueden, Wiza and Balistreri",ZC-07383,Sweater,7,48.36,338.52,2014-08-24T19:21:17.000000
513751,Huel Ltd,IC-59308,Socks,19,63.14,1199.66,2014-06-09T19:48:55.000000
163875,"McDermott, Gerlach and Bechtelar",XX-25746,Hat,3,62.56,187.68,2014-06-11T05:54:31.000000
874075,Howe Group,QS-76400,Sweater,15,16.96,254.4,2014-04-07T04:11:52.000000
82858,Maggio-Feest,GS-95639,Socks,1,16.98,16.98,2013-12-01T23:28:12.000000
307063,"Moen, Bernier and Kuhlman",RU-25060,Sweater,10,78.02,780.2,2013-10-20T11:16:53.000000
566221,Batz Ltd,RU-25060,Sweater,11,24.75,272.25,2013-10-14T16:05:43.000000
479110,Kilback-Hettinger,GS-95639,Socks,17,43.03,731.51,2014-04-19T06:04:36.000000
104311,"Emard, King and Hammes",ZC-07383,Sweater,16,27.98,447.68,2014-04-22T11:58:45.000000
113288,Kuphal-Treutel,LK-02338,Sweater,11,18.46,203.06,2013-12-01T14:36:45.000000
617298,Spencer and Sons,QS-76400,Sweater,18,55.82,1004.76,2013-11-24T04:30:49.000000
534393,Heathcote-Schaden,FT-50146,Sweater,17,52.48,892.16,2013-12-22T17:02:37.000000
881909,Ratke-Mitchell,HX-24728,Hat,4,52.44,209.76,2013-10-13T02:17:59.000000
402109,"Legros, Dare and Denesik",IC-59308,Socks,11,54.16,595.76,2014-02-21T20:59:45.000000
192686,Walter Inc,IC-59308,Socks,20,15.5,310.0,2014-08-24T16:17:18.000000
94413,Watsica-Shanahan,QS-76400,Sweater,12,88.83,1065.96,2013-11-18T06:30:15.000000
355459,Rosenbaum Ltd,XX-25746,Hat,8,96.71,773.68,2014-04-30T07:36:56.000000
137335,Jacobi Group,ZC-07383,Sweater,3,78.2,234.6,2013-11-23T01:39:14.000000
304389,Dickinson-McGlynn,FT-50146,Sweater,17,29.4,499.8,2014-08-20T23:06:32.000000
950739,Ward LLC,ZC-07383,Sweater,3,82.71,248.13,2013-12-29T11:36:39.000000
292165,Luettgen PLC,HX-24728,Hat,10,95.32,953.2,2014-01-06T15:04:35.000000
314575,"Mraz, Romaguera and Schiller",XX-25746,Hat,10,11.61,116.1,2014-04-10T09:32:38.000000
433327,Zulauf-Will,IC-59308,Socks,20,62.34,1246.8,2014-06-07T21:09:16.000000
38289,D'Amore PLC,GS-95639,Socks,9,95.93,863.37,2014-07-06T11:12:10.000000
372790,Wyman-Hills,FT-50146,Sweater,14,17.25,241.5,2013-10-24T11:10:18.000000
369229,Bartell-Kulas,ZC-07383,Sweater,4,32.92,131.68,2014-02-13T04:56:25.000000
485087,Willms Group,LK-02338,Sweater,7,35.8,250.6,2014-03-29T11:29:02.000000
729279,Hintz-Wilkinson,QS-76400,Sweater,7,17.19,120.33,2014-05-29T09:07:25.000000
218356,Bergnaum-Green,ZC-07383,Sweater,15,74.04,1110.6,2014-08-12T02:11:18.000000
911360,"Fisher, Wuckert and Smitham",GS-95639,Socks,13,14.35,186.55,2014-02-14T18:54:41.000000
578306,Friesen-Yost,LK-02338,Sweater,20,57.89,1157.8,2013-10-21T13:26:32.000000
989253,Jacobson-Rohan,QS-76400,Sweater,3,85.92,257.76,2014-01-14T07:36:11.000000
751711,"Roberts, Carter and Homenick",AE-95093,Socks,4,22.8,91.2,2014-04-17T07:33:05.000000
622744,Nader Group,GS-95639,Socks,11,20.74,228.14,2013-12-29T09:55:55.000000
166245,Dietrich LLC,QS-76400,Sweater,20,93.93,1878.6,2014-05-03T19:47:19.000000
90421,Kshlerin Inc,IC-59308,Socks,6,95.97,575.82,2013-11-17T15:01:56.000000
659158,Swift-Okuneva,HX-24728,Hat,12,26.47,317.64,2014-02-04T13:32:51.000000
865754,"Nader, Funk and Dooley",IC-59308,Socks,4,89.8,359.2,2014-01-10T14:21:58.000000
516157,Kuhn-Crist,HX-24728,Hat,2,53.66,107.32,2013-11-20T08:41:19.000000
379241,Williamson PLC,RU-25060,Sweater,10,86.84,868.4,2014-03-01T06:36:48.000000
597068,Spencer-Watsica,ZC-07383,Sweater,18,90.6,1630.8,2014-01-30T01:27:13.000000
618390,"Purdy, Fay and Bechtelar",LK-02338,Sweater,7,59.57,416.99,2014-04-16T13:09:42.000000
78536,"Effertz, Stroman and Stroman",IC-59308,Socks,6,87.92,527.52,2013-11-28T09:43:31.000000
527078,Kuvalis-Roberts,GS-95639,Socks,13,23.2,301.6,2013-11-10T06:50:36.000000
399553,Ortiz-Jenkins,IC-59308,Socks,1,60.78,60.78,2014-07-15T05:09:47.000000
84372,Mitchell Ltd,IC-59308,Socks,16,45.95,735.2,2013-12-28T16:53:32.000000
642109,Baumbach Group,RU-25060,Sweater,10,13.35,133.5,2014-01-14T14:50:04.000000
190186,"Barton, Hermiston and McGlynn",ZC-07383,Sweater,5,21.45,107.25,2014-09-21T02:49:42.000000
282942,Schinner Group,ZC-07383,Sweater,3,86.57,259.71,2014-04-03T18:50:51.000000
624633,"Emmerich, Torp and Carter",ZC-07383,Sweater,20,26.1,522.0,2014-02-25T09:34:21.000000
399401,"Schneider, Kreiger and Hahn",XX-25746,Hat,3,81.02,243.06,2013-12-26T23:54:50.000000
480392,Batz Inc,FT-50146,Sweater,17,62.94,1069.98,2014-09-22T22:36:41.000000
173693,Halvorson PLC,LK-02338,Sweater,12,44.89,538.68,2014-03-04T18:07:48.000000
527078,Kuvalis-Roberts,XX-25746,Hat,19,42.06,799.14,2014-03-16T17:50:20.000000
473322,Schuppe-Frami,QS-76400,Sweater,10,30.8,308.0,2014-08-19T15:16:52.000000
469033,"Pfeffer, Rice and Blick",IC-59308,Socks,4,49.97,199.88,2014-08-11T20:09:08.000000
910803,Kling Inc,LK-02338,Sweater,20,64.95,1299.0,2013-10-26T10:34:23.000000
50180,Legros-Larson,XX-25746,Hat,17,91.37,1553.29,2014-09-01T12:18:52.000000
954888,"Douglas, Monahan and Beier",XX-25746,Hat,19,83.99,1595.81,2014-02-27T04:19:18.000000
438999,Kozey Ltd,AE-95093,Socks,7,12.21,85.47,2014-01-23T22:06:10.000000
294215,Sipes-Beier,LK-02338,Sweater,14,55.69,779.66,2014-03-23T07:16:07.000000
551913,Goyette Group,ZC-07383,Sweater,18,56.62,1019.16,2014-01-22T08:35:02.000000
104535,Kling and Sons,GS-95639,Socks,20,19.24,384.8,2014-02-08T01:04:31.000000
12788,Hintz Ltd,AE-95093,Socks,20,84.61,1692.2,2013-10-04T00:18:33.000000
435433,Morissette-Heathcote,FT-50146,Sweater,19,11.23,213.37,2014-07-04T01:46:22.000000
837097,"Kihn, Emard and Goldner",LK-02338,Sweater,11,48.61,534.71,2014-06-03T01:20:30.000000
957458,Tromp Ltd,ZC-07383,Sweater,8,93.75,750.0,2014-09-16T21:53:48.000000
643569,Hahn-Mante,IC-59308,Socks,19,58.73,1115.87,2013-12-15T18:39:17.000000
788202,"Hahn, Beahan and Heidenreich",RU-25060,Sweater,2,66.82,133.64,2014-05-25T04:03:00.000000
784213,Okuneva and Sons,FT-50146,Sweater,12,62.79,753.48,2014-04-17T00:12:02.000000
36173,Stehr PLC,FT-50146,Sweater,13,84.14,1093.82,2014-05-01T12:28:29.000000
357988,Dietrich-Krajcik,AE-95093,Socks,5,46.7,233.5,2014-09-21T16:45:49.000000
386739,"Schmidt, Crona and Kilback",HX-24728,Hat,7,90.84,635.88,2014-04-21T20:10:30.000000
926359,Herman Ltd,ZC-07383,Sweater,15,15.17,227.55,2014-04-22T12:26:23.000000
441354,"Kreiger, Johnson and Conn",ZC-07383,Sweater,10,19.28,192.8,2014-05-27T04:01:47.000000
837097,"Kihn, Emard and Goldner",ZC-07383,Sweater,7,52.42,366.94,2014-06-23T12:17:12.000000
173693,Halvorson PLC,AE-95093,Socks,6,17.7,106.2,2014-04-03T14:43:36.000000
23156,Kuhn and Sons,XX-25746,Hat,11,40.36,443.96,2013-11-15T20:01:28.000000
261065,Mosciski-White,QS-76400,Sweater,1,81.8,81.8,2014-05-06T14:54:39.000000
153048,"Kirlin, Jenkins and Crooks",AE-95093,Socks,17,67.42,1146.14,2014-06-11T15:25:55.000000
65514,Dicki Ltd,GS-95639,Socks,18,55.8,1004.4,2014-06-10T09:37:40.000000
351680,"Sanford, Mitchell and Nienow",QS-76400,Sweater,15,56.99,854.85,2014-03-29T03:53:53.000000
111287,"Yundt, Lesch and Smith",AE-95093,Socks,1,25.6,25.6,2013-11-04T11:54:23.000000
650916,McLaughlin PLC,IC-59308,Socks,9,70.31,632.79,2014-01-19T09:35:22.000000
789781,"Pfeffer, Spinka and Hilll",FT-50146,Sweater,15,31.88,478.2,2014-06-02T06:53:39.000000
995788,Feil and Sons,FT-50146,Sweater,8,67.64,541.12,2014-04-16T11:16:43.000000
455768,Sawayn-Treutel,GS-95639,Socks,5,30.22,151.1,2013-10-01T14:08:34.000000
826437,Halvorson and Sons,AE-95093,Socks,9,66.09,594.81,2013-11-10T20:02:13.000000
706364,Conn-Schumm,XX-25746,Hat,7,82.65,578.55,2014-07-10T11:22:24.000000
860172,Abshire LLC,GS-95639,Socks,2,45.17,90.34,2013-10-27T09:48:10.000000
304798,Jerde-Schinner,AE-95093,Socks,19,64.86,1232.34,2014-01-22T23:58:19.000000
485656,"Cremin, Bayer and Abernathy",RU-25060,Sweater,9,77.31,695.79,2013-11-20T02:54:02.000000
319932,Brakus-Lockman,QS-76400,Sweater,11,93.95,1033.45,2014-08-19T12:22:24.000000
166100,Bruen-Batz,AE-95093,Socks,20,75.69,1513.8,2014-05-08T21:38:10.000000
897322,"Hilll, Schultz and Braun",ZC-07383,Sweater,13,59.73,776.49,2014-05-15T14:38:35.000000
976357,"Durgan, Larkin and Stark",AE-95093,Socks,10,10.82,108.2,2014-03-20T11:32:35.000000
378288,Cronin PLC,XX-25746,Hat,16,73.91,1182.56,2014-01-16T04:16:01.000000
112088,Schoen-Sawayn,RU-25060,Sweater,10,10.67,106.7,2014-06-01T04:45:51.000000
18941,"Lemke, Green and Barrows",FT-50146,Sweater,13,39.78,517.14,2014-05-05T03:40:02.000000
406764,"VonRueden, Ritchie and Reilly",IC-59308,Socks,18,49.93,898.74,2013-10-28T10:28:31.000000
648900,Lind-Spencer,XX-25746,Hat,2,96.89,193.78,2014-09-26T11:07:00.000000
954905,Heaney and Sons,XX-25746,Hat,10,13.57,135.7,2013-11-15T18:16:21.000000
788245,"Sipes, Stehr and Pacocha",XX-25746,Hat,12,44.17,530.04,2014-08-07T23:44:41.000000
401524,Rolfson PLC,IC-59308,Socks,8,43.75,350.0,2014-07-07T10:14:02.000000
805448,Konopelski-Adams,GS-95639,Socks,12,24.08,288.96,2014-07-24T12:46:17.000000
811740,"Walker, Botsford and Price",RU-25060,Sweater,1,60.14,60.14,2014-05-21T14:02:58.000000
404045,Stark-Swaniawski,ZC-07383,Sweater,3,43.91,131.73,2014-08-13T09:00:40.000000
210440,Reynolds Inc,LK-02338,Sweater,20,23.96,479.2,2014-06-06T06:45:38.000000
679536,"Schuppe, Zulauf and Romaguera",FT-50146,Sweater,15,44.01,660.15,2014-03-12T20:18:24.000000
667866,Bradtke LLC,QS-76400,Sweater,12,81.02,972.24,2014-02-20T14:22:36.000000
784608,Smith-Hauck,QS-76400,Sweater,11,83.58,919.38,2013-11-26T05:10:44.000000
680569,"Cummerata, Ryan and Moen",FT-50146,Sweater,9,79.55,715.95,2014-09-15T10:10:25.000000
776377,Lang Ltd,IC-59308,Socks,14,30.08,421.12,2014-04-04T21:52:54.000000
628246,Monahan Ltd,GS-95639,Socks,6,42.09,252.54,2014-09-01T07:35:10.000000
918478,"Lowe, Hamill and Cummings",LK-02338,Sweater,5,73.15,365.75,2013-11-09T06:11:36.000000
200482,Nicolas-Bradtke,QS-76400,Sweater,19,63.41,1204.79,2013-11-17T17:17:08.000000
983806,Pagac-Wiza,LK-02338,Sweater,19,88.95,1690.05,2013-12-09T15:10:55.000000
892839,Donnelly-Okuneva,IC-59308,Socks,11,65.77,723.47,2014-07-09T03:19:56.000000
606477,"Hilpert, Witting and McDermott",QS-76400,Sweater,9,53.21,478.89,2014-06-19T17:33:37.000000
365201,Lesch Ltd,XX-25746,Hat,10,91.14,911.4,2013-12-18T14:58:49.000000
151344,Marks PLC,GS-95639,Socks,8,38.84,310.72,2014-06-08T14:44:27.000000
492837,"Hamill, Bailey and Schamberger",GS-95639,Socks,8,29.93,239.44,2014-08-22T02:16:20.000000
587273,"Yost, Greenfelder and Stroman",RU-25060,Sweater,3,62.14,186.42,2014-06-04T09:18:14.000000
210721,Mills PLC,FT-50146,Sweater,14,40.86,572.04,2014-05-06T16:16:19.000000
47631,"Leannon, Bogan and Barton",AE-95093,Socks,16,18.29,292.64,2014-01-07T06:19:04.000000
196812,"Grimes, Daugherty and Hegmann",FT-50146,Sweater,8,66.73,533.84,2013-10-26T20:19:30.000000
572479,Tillman LLC,AE-95093,Socks,16,43.62,697.92,2014-08-01T02:56:42.000000
223656,Hoeger-Emard,IC-59308,Socks,12,22.1,265.2,2014-01-15T12:42:35.000000
304649,"Kutch, Sauer and Block",LK-02338,Sweater,6,90.54,543.24,2013-09-30T19:50:39.000000
896864,"Johns, Herman and Prosacco",IC-59308,Socks,6,72.32,433.92,2014-03-24T04:36:26.000000
11540,Schulist Group,LK-02338,Sweater,11,50.75,558.25,2013-11-03T01:23:06.000000
819480,"Ebert, Satterfield and Kautzer",RU-25060,Sweater,6,31.92,191.52,2014-04-18T16:06:52.000000
876911,"Schuster, Jones and Kohler",FT-50146,Sweater,5,38.23,191.15,2014-01-15T20:40:19.000000
651033,Rice Ltd,XX-25746,Hat,6,20.46,122.76,2013-12-12T13:10:24.000000
830285,"Spinka, Nienow and Christiansen",QS-76400,Sweater,11,23.36,256.96,2014-09-28T16:01:29.000000
795299,"King, DuBuque and Gorczany",XX-25746,Hat,10,19.34,193.4,2013-12-03T11:57:01.000000
760541,Gleichner-Greenholt,XX-25746,Hat,19,30.1,571.9,2014-02-15T10:54:33.000000
760541,Gleichner-Greenholt,ZC-07383,Sweater,4,40.0,160.0,2014-04-06T06:38:18.000000
4450,Beier-Bosco,IC-59308,Socks,20,17.25,345.0,2014-01-25T01:21:00.000000
510,"Rogahn, Pouros and Carter",IC-59308,Socks,16,30.14,482.24,2014-08-28T02:52:45.000000
345308,Hirthe LLC,RU-25060,Sweater,11,57.76,635.36,2014-09-13T15:24:50.000000
789704,"Sporer, Hickle and Steuber",ZC-07383,Sweater,2,72.34,144.68,2014-05-26T07:40:41.000000
399218,Kulas-Bernhard,QS-76400,Sweater,4,47.55,190.2,2014-08-23T04:23:28.000000
343481,Mills Inc,ZC-07383,Sweater,2,82.77,165.54,2013-10-17T12:46:24.000000
838999,Runolfsson-Bernier,ZC-07383,Sweater,2,79.45,158.9,2014-01-15T06:02:58.000000
973000,"Kemmer, Stroman and Emard",LK-02338,Sweater,10,67.08,670.8,2014-07-25T00:41:16.000000
539788,"Lindgren, Bergnaum and Bosco",HX-24728,Hat,1,18.33,18.33,2014-02-14T01:29:32.000000
134966,Weimann-Parisian,IC-59308,Socks,6,85.12,510.72,2014-04-27T03:37:28.000000
218356,Bergnaum-Green,AE-95093,Socks,1,71.4,71.4,2014-06-21T06:57:28.000000
166594,"Jacobs, Stiedemann and Beatty",XX-25746,Hat,17,16.21,275.57,2013-12-26T13:44:03.000000
772462,Fritsch-Bernhard,ZC-07383,Sweater,12,88.33,1059.96,2013-11-22T15:05:24.000000
532928,"Wilderman, Schmeler and Ratke",LK-02338,Sweater,1,62.31,62.31,2014-04-01T20:50:01.000000
169658,Mitchell PLC,HX-24728,Hat,5,94.09,470.45,2013-10-18T17:54:49.000000
804712,Bode LLC,AE-95093,Socks,10,80.21,802.1,2014-09-27T12:20:17.000000
117149,"Koepp, Witting and Collier",ZC-07383,Sweater,3,94.57,283.71,2014-02-14T08:04:30.000000
687391,Thiel Ltd,LK-02338,Sweater,9,11.96,107.64,2014-03-04T07:45:29.000000
694814,"Towne, Keebler and Bergnaum",RU-25060,Sweater,6,79.09,474.54,2014-02-10T20:27:02.000000
530809,Mayer PLC,GS-95639,Socks,16,22.75,364.0,2013-12-09T02:57:17.000000
321146,Stroman-Ortiz,XX-25746,Hat,17,10.1,171.7,2013-10-15T12:39:16.000000
527078,Kuvalis-Roberts,FT-50146,Sweater,15,89.6,1344.0,2014-09-08T11:41:54.000000
666407,McGlynn-Marvin,ZC-07383,Sweater,4,92.92,371.68,2013-10-21T04:55:22.000000
655756,"Sipes, Fadel and Schamberger",ZC-07383,Sweater,16,94.11,1505.76,2014-02-11T05:04:43.000000
786452,"Kuphal, Flatley and Casper",AE-95093,Socks,18,70.49,1268.82,2014-08-22T01:20:30.000000
111739,Bartell-Cummerata,RU-25060,Sweater,13,19.28,250.64,2014-05-24T14:14:48.000000
19767,"Pagac, Rogahn and Larson",XX-25746,Hat,18,17.32,311.76,2014-04-29T04:50:51.000000
82504,"DuBuque, Ledner and Raynor",QS-76400,Sweater,10,28.17,281.7,2014-06-23T18:16:44.000000
50537,"Hammes, Howell and Flatley",AE-95093,Socks,5,17.16,85.8,2014-06-25T06:11:34.000000
349982,"Miller, Bechtelar and Haley",ZC-07383,Sweater,9,44.39,399.51,2014-07-05T16:58:15.000000
62804,Mitchell-Langworth,AE-95093,Socks,3,37.8,113.4,2013-11-19T17:10:33.000000
779536,Champlin-Hodkiewicz,ZC-07383,Sweater,20,94.04,1880.8,2014-07-26T06:46:45.000000
289599,Davis-Mohr,HX-24728,Hat,10,19.88,198.8,2014-07-23T03:33:00.000000
587760,"Conn, Schultz and Ullrich",QS-76400,Sweater,10,49.02,490.2,2014-03-25T13:57:19.000000
692143,Kreiger Ltd,XX-25746,Hat,15,30.36,455.4,2014-07-16T21:33:15.000000
175408,Hoppe and Sons,AE-95093,Socks,2,79.31,158.62,2014-02-22T13:54:53.000000
532928,"Wilderman, Schmeler and Ratke",IC-59308,Socks,17,68.94,1171.98,2014-02-04T15:34:11.000000
573823,"Macejkovic, Kemmer and Daniel",HX-24728,Hat,14,95.98,1343.72,2013-11-10T19:13:49.000000
15419,Bruen Group,IC-59308,Socks,4,85.71,342.84,2014-03-29T08:12:22.000000
832368,Smith Ltd,AE-95093,Socks,18,72.23,1300.14,2013-12-08T09:50:17.000000
706364,Conn-Schumm,QS-76400,Sweater,10,10.24,102.4,2014-03-16T04:21:10.000000
81991,Quitzon-Heaney,FT-50146,Sweater,1,62.59,62.59,2014-04-02T20:21:22.000000
305893,Dickinson-Larson,FT-50146,Sweater,9,23.64,212.76,2014-02-02T18:59:05.000000
503229,Murazik-Homenick,XX-25746,Hat,14,40.52,567.28,2013-12-19T02:41:39.000000
725939,Ratke-Goldner,AE-95093,Socks,20,32.48,649.6,2014-02-06T04:20:29.000000
381895,"Runolfsdottir, Hammes and Mills",ZC-07383,Sweater,9,86.53,778.77,2014-08-20T14:30:11.000000
528522,"Fay, Kassulke and Hahn",IC-59308,Socks,2,89.19,178.38,2014-06-02T17:18:52.000000
128394,Klocko-Kuvalis,ZC-07383,Sweater,7,61.28,428.96,2014-03-02T05:27:29.000000
930909,"Hilll, Gleichner and Corwin",IC-59308,Socks,19,95.99,1823.81,2013-12-30T11:07:49.000000
111287,"Yundt, Lesch and Smith",FT-50146,Sweater,17,39.17,665.89,2014-07-11T14:55:14.000000
618350,Stehr-Bradtke,RU-25060,Sweater,16,18.35,293.6,2014-07-10T07:15:26.000000
826893,"Schinner, Cruickshank and Ziemann",HX-24728,Hat,2,10.01,20.02,2014-06-17T07:25:19.000000
473322,Schuppe-Frami,HX-24728,Hat,7,26.55,185.85,2014-02-18T02:58:37.000000
707783,Sanford-Jacobs,HX-24728,Hat,3,68.61,205.83,2014-01-20T07:57:02.000000
104535,Kling and Sons,ZC-07383,Sweater,18,17.78,320.04,2014-06-19T10:57:21.000000
305127,Zieme-Corkery,IC-59308,Socks,11,43.9,482.9,2014-04-24T18:46:04.000000
365312,"Hermann, Jakubowski and Gaylord",IC-59308,Socks,3,27.82,83.46,2014-06-25T16:34:53.000000
479110,Kilback-Hettinger,XX-25746,Hat,16,98.46,1575.36,2013-10-12T09:00:54.000000
306938,D'Amore PLC,RU-25060,Sweater,16,75.02,1200.32,2014-08-06T01:53:01.000000
480628,Daugherty-Olson,GS-95639,Socks,16,66.55,1064.8,2014-09-24T14:38:01.000000
904137,Schulist PLC,GS-95639,Socks,20,16.77,335.4,2014-09-27T08:21:04.000000
685048,Schultz Group,QS-76400,Sweater,13,61.71,802.23,2014-07-26T20:06:21.000000
164962,Hudson-Trantow,QS-76400,Sweater,14,92.47,1294.58,2014-01-10T01:29:31.000000
423118,White-Stokes,RU-25060,Sweater,20,23.17,463.4,2013-11-15T22:41:05.000000
884468,Turcotte and Sons,QS-76400,Sweater,1,16.31,16.31,2014-01-23T16:22:02.000000
212487,Von-Ledner,QS-76400,Sweater,16,58.88,942.08,2014-09-01T19:22:55.000000
861533,"Beatty, Kuhn and Lang",GS-95639,Socks,13,70.51,916.63,2013-11-07T02:13:23.000000
317998,"Wilderman, Stamm and Kshlerin",AE-95093,Socks,11,48.94,538.34,2014-07-04T00:12:58.000000
116928,"Sporer, Collins and Gutkowski",HX-24728,Hat,11,83.67,920.37,2014-04-14T16:41:59.000000
883455,Collins-Bartell,QS-76400,Sweater,8,55.1,440.8,2014-05-02T21:37:51.000000
437917,Wuckert-Breitenberg,FT-50146,Sweater,16,74.74,1195.84,2014-08-12T23:55:44.000000
971908,Bauch-Skiles,HX-24728,Hat,2,23.15,46.3,2013-10-30T09:19:03.000000
556303,Dickens Inc,FT-50146,Sweater,13,32.71,425.23,2014-03-23T20:59:24.000000
71617,Predovic Ltd,AE-95093,Socks,9,65.05,585.45,2013-10-13T23:51:20.000000
50180,Legros-Larson,XX-25746,Hat,19,62.62,1189.78,2013-11-16T05:08:39.000000
803666,Fritsch-Glover,AE-95093,Socks,12,68.33,819.96,2014-07-29T09:53:23.000000
318113,"Fritsch, Koelpin and Larkin",RU-25060,Sweater,3,18.62,55.86,2014-06-22T11:10:04.000000
204748,Metz Ltd,HX-24728,Hat,10,84.36,843.6,2014-01-14T05:38:25.000000
319932,Brakus-Lockman,AE-95093,Socks,1,64.96,64.96,2013-11-13T23:11:21.000000
407134,"Bailey, Ernser and Bashirian",HX-24728,Hat,6,46.97,281.82,2013-10-07T00:11:51.000000
636451,Collins LLC,IC-59308,Socks,9,98.33,884.97,2014-01-22T23:45:44.000000
195626,Morissette-Jaskolski,QS-76400,Sweater,2,74.46,148.92,2014-07-02T21:48:43.000000
214690,Shanahan and Sons,IC-59308,Socks,14,56.39,789.46,2014-03-08T15:17:36.000000
743955,Leannon Inc,RU-25060,Sweater,8,64.68,517.44,2014-03-14T22:34:42.000000
459388,"Labadie, Vandervort and Johns",XX-25746,Hat,2,81.19,162.38,2014-06-03T20:53:49.000000
104104,Corkery-O'Connell,QS-76400,Sweater,9,10.62,95.58,2013-11-15T23:51:08.000000
131776,Kuvalis Inc,FT-50146,Sweater,3,26.27,78.81,2014-07-14T22:40:30.000000
651569,"Ebert, Zemlak and Hills",AE-95093,Socks,9,52.23,470.07,2014-04-15T18:16:17.000000
938531,O'Hara and Sons,GS-95639,Socks,20,86.14,1722.8,2014-01-20T08:54:45.000000
289599,Davis-Mohr,IC-59308,Socks,19,71.18,1352.42,2013-12-14T12:29:52.000000
531597,Rath Ltd,AE-95093,Socks,4,65.57,262.28,2013-12-19T06:20:00.000000
65701,"Rice, Ratke and Dietrich",QS-76400,Sweater,19,19.29,366.51,2014-09-27T08:04:37.000000
83845,Wisozk-Funk,ZC-07383,Sweater,2,30.18,60.36,2014-08-05T10:44:05.000000
383015,Bartoletti Inc,XX-25746,Hat,9,72.06,648.54,2014-07-15T09:48:21.000000
221967,Hahn Ltd,ZC-07383,Sweater,18,88.93,1600.74,2014-02-03T05:04:29.000000
181376,Pacocha-Kessler,LK-02338,Sweater,1,30.13,30.13,2013-11-22T12:40:47.000000
579994,Weissnat Group,LK-02338,Sweater,10,41.98,419.8,2014-08-31T01:04:43.000000
523833,Klocko Ltd,LK-02338,Sweater,11,30.33,333.63,2014-01-31T23:54:19.000000
958651,Franecki Inc,RU-25060,Sweater,13,34.55,449.15,2013-10-26T00:30:55.000000
222704,Ernser-Dare,QS-76400,Sweater,6,58.05,348.3,2014-04-30T18:25:28.000000
701170,"Rau, Bernhard and Parker",IC-59308,Socks,20,96.37,1927.4,2013-12-25T08:55:47.000000
611543,Kilback-Stokes,ZC-07383,Sweater,3,42.86,128.58,2014-03-26T17:29:36.000000
846832,Baumbach Group,RU-25060,Sweater,10,52.02,520.2,2014-01-16T15:58:51.000000
85499,Heller-Towne,RU-25060,Sweater,7,34.92,244.44,2014-05-08T06:06:18.000000
320874,"Dickinson, Thiel and Vandervort",AE-95093,Socks,5,84.21,421.05,2014-06-14T08:30:53.000000
314703,"Dicki, Ritchie and McCullough",RU-25060,Sweater,20,27.13,542.6,2014-05-18T03:54:05.000000
81991,Quitzon-Heaney,QS-76400,Sweater,5,19.59,97.95,2014-03-16T15:16:15.000000
221265,Romaguera-Brown,IC-59308,Socks,18,64.86,1167.48,2014-05-17T11:25:26.000000
687391,Thiel Ltd,HX-24728,Hat,4,73.86,295.44,2014-04-27T18:37:14.000000
633848,Johnston-Dicki,ZC-07383,Sweater,6,24.24,145.44,2014-06-05T17:12:56.000000
86467,Bechtelar-Windler,HX-24728,Hat,15,76.71,1150.65,2013-12-25T04:21:48.000000
868055,Kuhlman-Lubowitz,QS-76400,Sweater,11,64.95,714.45,2014-03-18T04:53:49.000000
320874,"Dickinson, Thiel and Vandervort",ZC-07383,Sweater,11,20.17,221.87,2014-07-07T21:19:13.000000
784608,Smith-Hauck,FT-50146,Sweater,3,30.05,90.15,2014-07-28T23:32:53.000000
897118,"Carroll, O'Connell and Roob",GS-95639,Socks,8,19.02,152.16,2014-08-01T09:51:42.000000
785842,Balistreri-Ward,GS-95639,Socks,7,98.95,692.65,2014-04-17T00:54:54.000000
352112,Ortiz-Kemmer,XX-25746,Hat,4,70.15,280.6,2014-09-01T11:41:50.000000
585977,Rohan-Thiel,AE-95093,Socks,19,67.25,1277.75,2014-06-27T17:55:08.000000
427830,Ortiz-Shanahan,HX-24728,Hat,8,27.22,217.76,2014-07-15T09:40:07.000000
914594,"Roberts, Volkman and Batz",IC-59308,Socks,1,25.31,25.31,2014-06-12T15:35:06.000000
310730,Wolf Ltd,HX-24728,Hat,20,33.32,666.4,2014-01-09T11:24:28.000000
246745,"Hyatt, Brown and Rohan",RU-25060,Sweater,20,79.48,1589.6,2014-07-29T15:44:57.000000
757632,Breitenberg-Harvey,AE-95093,Socks,4,48.59,194.36,2014-07-23T14:43:32.000000
737861,Nitzsche Ltd,FT-50146,Sweater,5,83.54,417.7,2014-07-04T11:00:05.000000
240778,Zboncak LLC,FT-50146,Sweater,2,48.96,97.92,2013-12-26T11:09:43.000000
151300,"Upton, Runolfsson and O'Reilly",QS-76400,Sweater,5,61.28,306.4,2014-09-08T06:30:47.000000
410673,"Corwin, Nienow and Reichert",XX-25746,Hat,6,65.54,393.24,2014-08-19T10:41:09.000000
612001,"Daniel, Russel and Stoltenberg",AE-95093,Socks,15,65.3,979.5,2014-07-13T17:49:39.000000
271238,"Runolfsdottir, Rolfson and Pacocha",IC-59308,Socks,15,75.04,1125.6,2014-08-18T04:20:14.000000
385821,Block-Sporer,HX-24728,Hat,9,10.72,96.48,2014-07-03T19:04:37.000000
927597,Kunde-Runolfsdottir,RU-25060,Sweater,15,16.99,254.85,2013-11-25T07:03:49.000000
748472,Swaniawski-Kris,IC-59308,Socks,14,26.62,372.68,2014-06-25T13:14:58.000000
70831,Feil-Wiegand,HX-24728,Hat,11,97.28,1070.08,2014-07-16T13:57:40.000000
436135,"Hodkiewicz, Carter and Rutherford",AE-95093,Socks,13,80.61,1047.93,2014-01-26T08:30:52.000000
931007,"Will, Schamberger and Wehner",GS-95639,Socks,20,73.82,1476.4,2013-10-20T03:31:31.000000
719100,"Rogahn, Lang and Bins",GS-95639,Socks,10,51.65,516.5,2013-12-03T23:39:39.000000
921003,Brekke-Grant,AE-95093,Socks,5,75.1,375.5,2013-12-04T09:05:19.000000
162462,Murphy PLC,HX-24728,Hat,19,13.12,249.28,2014-01-31T09:51:48.000000
838999,Runolfsson-Bernier,ZC-07383,Sweater,10,31.82,318.2,2013-11-20T22:50:48.000000
878842,Durgan and Sons,QS-76400,Sweater,14,97.68,1367.52,2014-05-13T17:26:03.000000
991343,Brekke PLC,LK-02338,Sweater,17,79.04,1343.68,2013-12-11T13:59:02.000000
406764,"VonRueden, Ritchie and Reilly",GS-95639,Socks,18,52.01,936.18,2014-05-15T01:20:53.000000
574172,"Rowe, Romaguera and Mayert",ZC-07383,Sweater,10,43.95,439.5,2014-09-27T14:42:32.000000
400974,"Schimmel, Schaefer and Treutel",RU-25060,Sweater,4,75.02,300.08,2013-12-09T02:48:19.000000
598556,Farrell-Bergnaum,ZC-07383,Sweater,1,40.76,40.76,2014-08-27T11:14:22.000000
141320,"Reichert, Barton and Lueilwitz",ZC-07383,Sweater,2,34.87,69.74,2013-11-12T09:37:07.000000
984152,"Wiegand, McGlynn and Koss",AE-95093,Socks,8,40.06,320.48,2014-02-08T16:09:53.000000
323803,Kerluke Group,AE-95093,Socks,17,59.73,1015.41,2014-04-27T07:57:07.000000
607901,Dicki Inc,GS-95639,Socks,8,19.46,155.68,2014-08-05T03:55:17.000000
584906,"Turcotte, Grant and Heidenreich",FT-50146,Sweater,10,46.03,460.3,2014-03-12T09:35:10.000000
716142,Stroman-Grimes,LK-02338,Sweater,4,93.44,373.76,2014-01-22T14:23:05.000000
345320,Jenkins Inc,AE-95093,Socks,20,76.06,1521.2,2014-09-06T02:06:08.000000
343481,Mills Inc,XX-25746,Hat,18,46.42,835.56,2014-07-01T16:39:19.000000
830285,"Spinka, Nienow and Christiansen",LK-02338,Sweater,1,81.56,81.56,2014-02-12T07:03:44.000000
718800,Jacobs-Howell,RU-25060,Sweater,12,74.28,891.36,2014-03-23T05:48:46.000000
516157,Kuhn-Crist,GS-95639,Socks,12,54.06,648.72,2014-01-20T10:31:27.000000
428333,Corkery-Torphy,FT-50146,Sweater,15,48.1,721.5,2013-11-03T08:06:48.000000
238675,McDermott Inc,RU-25060,Sweater,17,58.25,990.25,2014-02-16T17:26:48.000000
780026,Lakin-Goodwin,LK-02338,Sweater,12,97.97,1175.64,2013-12-16T02:56:05.000000
41295,Gulgowski-Luettgen,IC-59308,Socks,15,84.31,1264.65,2013-12-04T08:15:19.000000
799012,Gibson PLC,RU-25060,Sweater,1,91.42,91.42,2014-09-11T14:55:08.000000
56297,Waelchi and Sons,IC-59308,Socks,20,23.65,473.0,2014-04-13T11:22:13.000000
383619,Becker Ltd,XX-25746,Hat,1,72.2,72.2,2014-09-09T08:33:52.000000
195246,Hammes-Haag,XX-25746,Hat,12,99.35,1192.2,2013-12-19T10:25:17.000000
296008,"Greenholt, Stroman and Waelchi",LK-02338,Sweater,6,77.52,465.12,2013-12-16T06:19:38.000000
659579,"Upton, Hilpert and White",LK-02338,Sweater,8,74.22,593.76,2014-06-01T23:38:29.000000
485244,Durgan Ltd,HX-24728,Hat,20,10.2,204.0,2014-05-24T07:50:49.000000
185994,Murazik LLC,XX-25746,Hat,18,60.99,1097.82,2013-12-26T05:50:27.000000
24024,"Cruickshank, Robel and Jast",XX-25746,Hat,1,22.6,22.6,2014-01-16T07:06:38.000000
910599,Haag-Huel,XX-25746,Hat,5,75.55,377.75,2014-05-02T11:03:12.000000
726713,Schinner-Baumbach,XX-25746,Hat,12,42.78,513.36,2014-09-29T22:16:21.000000
440852,"Bradtke, Daniel and Hagenes",FT-50146,Sweater,17,35.68,606.56,2014-05-02T23:21:10.000000
679130,Berge and Sons,GS-95639,Socks,5,34.32,171.6,2014-08-27T18:08:16.000000
255877,"Stroman, Cronin and Gerlach",GS-95639,Socks,6,86.92,521.52,2014-02-26T02:25:36.000000
225775,Walker and Sons,AE-95093,Socks,7,38.46,269.22,2014-07-12T07:53:48.000000
666407,McGlynn-Marvin,AE-95093,Socks,17,55.69,946.73,2014-07-11T14:02:20.000000
23156,Kuhn and Sons,LK-02338,Sweater,12,63.72,764.64,2014-08-20T01:31:43.000000
770435,Sporer-Denesik,ZC-07383,Sweater,5,86.72,433.6,2014-07-14T11:42:38.000000
734065,"Pacocha, White and Lind",QS-76400,Sweater,19,81.8,1554.2,2013-10-22T12:58:40.000000
914594,"Roberts, Volkman and Batz",AE-95093,Socks,19,62.2,1181.8,2014-04-09T13:30:37.000000
606477,"Hilpert, Witting and McDermott",IC-59308,Socks,17,31.63,537.71,2013-11-01T23:34:07.000000
863242,McKenzie and Sons,IC-59308,Socks,15,17.99,269.85,2014-07-21T16:43:34.000000
998940,Walker-Erdman,GS-95639,Socks,7,14.23,99.61,2014-01-06T09:01:44.000000
567684,"Conroy, Hermann and Fay",HX-24728,Hat,5,51.11,255.55,2014-08-12T05:57:34.000000
806349,Purdy Ltd,AE-95093,Socks,4,40.48,161.92,2013-10-13T01:00:59.000000
223656,Hoeger-Emard,ZC-07383,Sweater,8,52.53,420.24,2014-03-10T13:03:04.000000
528522,"Fay, Kassulke and Hahn",IC-59308,Socks,18,62.21,1119.78,2014-02-11T09:19:55.000000
926359,Herman Ltd,RU-25060,Sweater,18,12.4,223.2,2013-12-24T02:12:31.000000
654198,Aufderhar and Sons,GS-95639,Socks,2,96.77,193.54,2014-04-23T18:25:00.000000
461425,O'Conner PLC,XX-25746,Hat,16,70.92,1134.72,2014-08-26T11:38:54.000000
54647,"Mayer, Bartoletti and Skiles",FT-50146,Sweater,9,96.32,866.88,2014-08-29T06:55:27.000000
190550,"Marvin, Johnson and McDermott",HX-24728,Hat,15,96.2,1443.0,2014-08-03T07:08:43.000000
957458,Tromp Ltd,ZC-07383,Sweater,20,29.2,584.0,2014-01-26T22:43:55.000000
962424,King-Graham,LK-02338,Sweater,1,24.41,24.41,2014-01-29T04:41:30.000000
188073,Bernhard LLC,HX-24728,Hat,5,62.2,311.0,2014-06-26T18:53:10.000000
81991,Quitzon-Heaney,LK-02338,Sweater,10,32.69,326.9,2013-10-20T15:40:17.000000
88948,Schulist-Stokes,QS-76400,Sweater,17,31.79,540.43,2014-04-26T08:38:47.000000
17915,Huel Inc,HX-24728,Hat,3,29.68,89.04,2014-09-13T20:41:55.000000
930445,Kuhlman-Abbott,HX-24728,Hat,7,67.27,470.89,2014-08-26T20:46:40.000000
789704,"Sporer, Hickle and Steuber",AE-95093,Socks,1,11.13,11.13,2014-06-07T05:39:32.000000
6711,"Gorczany, Pfannerstill and Okuneva",ZC-07383,Sweater,18,66.6,1198.8,2014-05-29T08:59:53.000000
962424,King-Graham,FT-50146,Sweater,2,51.42,102.84,2014-07-13T05:24:33.000000
838999,Runolfsson-Bernier,XX-25746,Hat,2,51.25,102.5,2014-05-07T01:03:32.000000
411916,Rau PLC,GS-95639,Socks,18,58.25,1048.5,2014-02-14T10:38:02.000000
55451,Welch-Padberg,QS-76400,Sweater,19,95.38,1812.22,2014-08-05T03:05:24.000000
694814,"Towne, Keebler and Bergnaum",LK-02338,Sweater,6,50.64,303.84,2014-06-19T19:58:37.000000
507817,O'Conner-Abbott,LK-02338,Sweater,6,19.34,116.04,2014-05-02T10:24:33.000000
80499,Wehner-Rowe,AE-95093,Socks,10,60.82,608.2,2013-12-13T22:27:10.000000
80571,"Simonis, Johnston and Jewess",IC-59308,Socks,9,54.52,490.68,2014-06-21T23:08:48.000000
435351,Beahan-Lockman,XX-25746,Hat,14,39.6,554.4,2013-11-02T06:01:19.000000
920238,Gulgowski LLC,FT-50146,Sweater,17,26.8,455.6,2014-05-04T19:25:12.000000
884187,"Monahan, Bogan and White",GS-95639,Socks,9,59.7,537.3,2014-03-08T06:38:33.000000
68120,Rippin and Sons,QS-76400,Sweater,8,70.48,563.84,2014-05-14T10:53:31.000000
189941,"Brakus, Kuhn and Gusikowski",FT-50146,Sweater,9,96.32,866.88,2014-03-21T10:40:07.000000
23156,Kuhn and Sons,ZC-07383,Sweater,7,67.88,475.16,2014-09-16T13:21:59.000000
740581,"Ziemann, Reynolds and McClure",IC-59308,Socks,7,95.05,665.35,2013-12-19T20:21:33.000000
812847,Okuneva and Sons,FT-50146,Sweater,11,80.68,887.48,2013-10-27T23:34:39.000000
930552,"Baumbach, Bogan and Feeney",HX-24728,Hat,1,52.8,52.8,2013-10-25T16:21:44.000000
529791,"Schamberger, Conn and Lind",FT-50146,Sweater,20,72.27,1445.4,2014-08-30T01:02:19.000000
374476,Marvin-Moen,ZC-07383,Sweater,19,88.77,1686.63,2014-09-09T09:03:18.000000
797019,Gaylord LLC,QS-76400,Sweater,16,60.51,968.16,2013-12-14T18:05:19.000000
29068,Brekke and Sons,RU-25060,Sweater,2,98.81,197.62,2014-03-27T17:00:29.000000
180324,Reynolds Group,GS-95639,Socks,17,90.28,1534.76,2014-01-01T09:21:23.000000
718026,"Gaylord, Hane and Roberts",LK-02338,Sweater,4,10.12,40.48,2014-05-16T15:11:45.000000
606477,"Hilpert, Witting and McDermott",ZC-07383,Sweater,17,86.15,1464.55,2014-08-10T17:20:34.000000
14431,"Murray, Steuber and Auer",IC-59308,Socks,6,50.1,300.6,2014-01-18T19:37:51.000000
261065,Mosciski-White,ZC-07383,Sweater,2,70.66,141.32,2014-07-10T17:09:39.000000
210565,Feest Inc,QS-76400,Sweater,15,90.78,1361.7,2014-01-24T13:30:44.000000
434955,Ledner-Kling,AE-95093,Socks,4,20.08,80.32,2014-03-19T09:20:57.000000
154211,Keeling-Wolff,AE-95093,Socks,3,23.21,69.63,2014-01-14T06:46:46.000000
523833,Klocko Ltd,ZC-07383,Sweater,1,56.57,56.57,2014-01-01T07:59:24.000000
705775,Wilderman Group,QS-76400,Sweater,10,89.28,892.8,2014-08-18T07:54:26.000000
618428,McLaughlin PLC,QS-76400,Sweater,20,96.93,1938.6,2014-03-02T15:17:02.000000
343481,Mills Inc,IC-59308,Socks,13,43.13,560.69,2014-03-29T22:51:10.000000
68120,Rippin and Sons,AE-95093,Socks,7,53.62,375.34,2014-01-25T21:26:04.000000
866291,Hodkiewicz Group,IC-59308,Socks,4,26.05,104.2,2014-04-30T11:46:14.000000
205298,"Sanford, Wintheiser and Koss",RU-25060,Sweater,11,90.45,994.95,2014-06-28T11:49:36.000000
976357,"Durgan, Larkin and Stark",LK-02338,Sweater,1,48.37,48.37,2014-02-12T01:58:06.000000
227563,Fisher PLC,LK-02338,Sweater,10,60.47,604.7,2014-02-08T17:25:35.000000
751708,"Toy, Macejkovic and Fadel",RU-25060,Sweater,17,25.37,431.29,2014-07-31T00:51:41.000000
812847,Okuneva and Sons,ZC-07383,Sweater,3,55.79,167.37,2013-10-13T08:35:21.000000
331921,Skiles-Bergnaum,RU-25060,Sweater,11,87.47,962.17,2014-09-19T05:46:38.000000
70143,Carroll-Morissette,AE-95093,Socks,19,39.68,753.92,2013-10-26T02:38:51.000000
212487,Von-Ledner,AE-95093,Socks,5,95.85,479.25,2014-01-09T04:48:29.000000
352112,Ortiz-Kemmer,GS-95639,Socks,5,73.84,369.2,2013-12-02T22:53:20.000000
629547,Thiel-Volkman,ZC-07383,Sweater,16,17.47,279.52,2014-02-18T07:01:07.000000
435915,"Kling, Parker and Goodwin",FT-50146,Sweater,1,21.78,21.78,2014-08-11T18:44:54.000000
763381,Weimann LLC,IC-59308,Socks,2,49.01,98.02,2014-07-01T19:57:41.000000
320340,Casper-Beahan,AE-95093,Socks,12,67.89,814.68,2014-08-05T06:02:08.000000
187671,Terry and Sons,ZC-07383,Sweater,18,25.51,459.18,2013-10-03T08:24:24.000000
31780,"Little, Stokes and McClure",RU-25060,Sweater,18,41.97,755.46,2014-05-31T03:35:47.000000
285621,Waters Ltd,XX-25746,Hat,11,16.01,176.11,2014-09-16T04:39:43.000000
549196,"Kuphal, Hand and Larkin",LK-02338,Sweater,6,21.83,130.98,2014-09-11T03:48:47.000000
64410,"Blick, Auer and Pollich",HX-24728,Hat,10,26.51,265.1,2013-12-06T16:39:18.000000
215844,Simonis-Cummings,LK-02338,Sweater,2,23.26,46.52,2014-02-21T04:32:38.000000
951852,Jenkins Ltd,XX-25746,Hat,3,85.32,255.96,2014-08-16T22:39:49.000000
162462,Murphy PLC,IC-59308,Socks,9,32.07,288.63,2014-08-21T09:33:11.000000
272517,"Davis, Heaney and Johns",RU-25060,Sweater,3,39.2,117.6,2014-04-28T08:53:34.000000
742526,"Bosco, Wuckert and O'Reilly",QS-76400,Sweater,20,41.81,836.2,2014-07-13T18:49:34.000000
830122,"Fritsch, Bartoletti and Spencer",IC-59308,Socks,7,98.47,689.29,2014-06-05T11:14:13.000000
938316,"Swaniawski, White and Koch",QS-76400,Sweater,7,10.34,72.38,2014-02-08T15:15:52.000000
510762,Carroll-Kunde,HX-24728,Hat,13,41.85,544.05,2014-07-12T11:33:16.000000
744911,"Farrell, McClure and Bayer",AE-95093,Socks,3,15.66,46.98,2014-07-25T14:41:22.000000
172519,"Kutch, Cormier and Harber",IC-59308,Socks,11,22.72,249.92,2014-03-02T16:28:12.000000
881909,Ratke-Mitchell,LK-02338,Sweater,20,44.2,884.0,2013-11-27T13:49:04.000000
33085,Harris Group,AE-95093,Socks,17,33.25,565.25,2014-02-22T23:49:54.000000
631316,Lemke LLC,ZC-07383,Sweater,19,80.28,1525.32,2013-10-09T18:24:06.000000
823639,Reilly-Leannon,GS-95639,Socks,4,87.28,349.12,2014-03-16T09:49:02.000000
54152,Cummerata Ltd,LK-02338,Sweater,16,61.08,977.28,2014-07-18T22:30:11.000000
314560,Feil LLC,ZC-07383,Sweater,14,98.85,1383.9,2014-04-30T05:49:59.000000
19767,"Pagac, Rogahn and Larson",AE-95093,Socks,5,74.2,371.0,2014-02-25T14:05:08.000000
512839,Moen LLC,HX-24728,Hat,7,30.65,214.55,2014-09-09T18:51:08.000000
239817,"Abbott, Rogahn and Bednar",ZC-07383,Sweater,18,34.2,615.6,2014-02-23T12:50:34.000000
473322,Schuppe-Frami,LK-02338,Sweater,20,57.83,1156.6,2014-01-14T04:33:14.000000
211130,"Eichmann, Lindgren and Quigley",HX-24728,Hat,20,70.5,1410.0,2013-12-30T03:52:27.000000
36881,"Hahn, Johnson and Jacobi",XX-25746,Hat,5,37.96,189.8,2014-06-16T21:54:29.000000
345320,Jenkins Inc,QS-76400,Sweater,16,74.43,1190.88,2014-01-22T08:02:27.000000
734065,"Pacocha, White and Lind",IC-59308,Socks,14,55.06,770.84,2014-03-08T06:49:52.000000
471389,Gottlieb-Bednar,AE-95093,Socks,17,43.38,737.46,2014-02-03T05:50:08.000000
841645,"Murray, Herzog and Treutel",GS-95639,Socks,18,99.34,1788.12,2014-07-16T18:36:40.000000
81900,Herman-Upton,QS-76400,Sweater,20,93.08,1861.6,2014-04-05T17:36:15.000000
383015,Bartoletti Inc,FT-50146,Sweater,19,89.29,1696.51,2014-09-20T12:15:41.000000
637673,Schultz-Bradtke,FT-50146,Sweater,16,29.72,475.52,2014-08-30T15:48:41.000000
507817,O'Conner-Abbott,QS-76400,Sweater,9,73.11,657.99,2014-08-04T07:51:39.000000
751878,Wolf-O'Conner,GS-95639,Socks,2,100.0,200.0,2014-08-11T04:32:13.000000
892834,"Bode, Greenholt and Lang",ZC-07383,Sweater,5,70.17,350.85,2014-04-18T00:25:55.000000
667990,Cassin LLC,FT-50146,Sweater,14,87.12,1219.68,2014-09-11T21:36:48.000000
373609,"Fadel, Considine and Gibson",LK-02338,Sweater,13,35.08,456.04,2014-01-03T12:09:06.000000
662360,Kshlerin-Turcotte,QS-76400,Sweater,2,76.78,153.56,2014-05-22T17:02:03.000000
675333,Schuppe-Collins,IC-59308,Socks,10,59.68,596.8,2014-02-09T07:00:00.000000
217066,Raynor LLC,LK-02338,Sweater,2,24.13,48.26,2014-03-11T20:31:28.000000
809276,"Welch, Johnston and Berge",AE-95093,Socks,12,65.61,787.32,2014-04-20T17:58:06.000000
431043,Grimes-Schmidt,ZC-07383,Sweater,16,20.47,327.52,2014-08-25T08:40:46.000000
50526,"Wehner, Gerhold and Wiza",ZC-07383,Sweater,3,19.02,57.06,2014-01-22T06:42:54.000000
767359,Hoppe-Monahan,IC-59308,Socks,11,95.57,1051.27,2014-06-09T02:39:07.000000
771001,Bechtelar-Schimmel,GS-95639,Socks,16,49.67,794.72,2014-08-09T06:09:53.000000
460436,Baumbach LLC,ZC-07383,Sweater,7,52.88,370.16,2014-07-26T06:58:04.000000
464129,Ryan PLC,FT-50146,Sweater,11,41.45,455.95,2013-12-19T20:51:53.000000
269278,Luettgen-Ritchie,LK-02338,Sweater,3,12.73,38.19,2013-12-06T17:56:22.000000
876804,"Bashirian, Dare and Kutch",IC-59308,Socks,15,14.49,217.35,2013-12-02T05:49:32.000000
830285,"Spinka, Nienow and Christiansen",QS-76400,Sweater,18,21.15,380.7,2013-11-11T10:38:15.000000
437171,"O'Kon, Braun and Corkery",QS-76400,Sweater,5,58.04,290.2,2014-09-26T00:48:56.000000
608985,"Shanahan, Leffler and Baumbach",RU-25060,Sweater,7,63.26,442.82,2014-09-25T02:36:40.000000
821542,Heaney-Hilll,IC-59308,Socks,8,66.32,530.56,2014-09-23T18:38:34.000000
335539,Price Group,IC-59308,Socks,12,12.7,152.4,2014-04-14T14:32:19.000000
370320,Hansen Inc,QS-76400,Sweater,10,65.76,657.6,2013-11-06T08:25:34.000000
280956,"McDermott, Hagenes and Hudson",GS-95639,Socks,15,26.03,390.45,2014-09-13T12:17:41.000000
355192,Krajcik PLC,ZC-07383,Sweater,16,60.27,964.32,2014-08-26T17:04:42.000000
433017,Wilkinson-Cummerata,ZC-07383,Sweater,20,39.87,797.4,2014-04-23T20:52:43.000000
664251,Wiegand and Sons,ZC-07383,Sweater,13,43.29,562.77,2013-11-10T12:27:52.000000
641140,"Reinger, Monahan and Corkery",LK-02338,Sweater,10,47.8,478.0,2013-11-14T18:21:45.000000
938316,"Swaniawski, White and Koch",LK-02338,Sweater,8,22.1,176.8,2014-01-12T06:25:52.000000
410779,"Prosacco, Bashirian and Hintz",QS-76400,Sweater,10,18.56,185.6,2014-04-07T23:42:25.000000
958584,"Gottlieb, Krajcik and Sawayn",FT-50146,Sweater,16,42.14,674.24,2014-07-22T14:39:29.000000
345623,"Friesen, Dickens and Gottlieb",FT-50146,Sweater,8,13.57,108.56,2014-07-24T14:15:18.000000
459388,"Labadie, Vandervort and Johns",FT-50146,Sweater,20,61.35,1227.0,2014-04-30T13:02:15.000000
282674,Haley Ltd,LK-02338,Sweater,12,62.58,750.96,2013-10-05T06:50:39.000000
539422,Weber and Sons,ZC-07383,Sweater,6,83.61,501.66,2014-06-05T12:30:19.000000
447783,Beatty Inc,LK-02338,Sweater,7,28.85,201.95,2014-02-15T05:37:06.000000
262918,"Beahan, Hackett and Hagenes",XX-25746,Hat,12,33.75,405.0,2014-04-30T09:27:24.000000
54152,Cummerata Ltd,QS-76400,Sweater,3,66.53,199.59,2014-08-11T13:35:45.000000
743807,White-Purdy,IC-59308,Socks,1,46.66,46.66,2013-12-17T12:39:34.000000
320340,Casper-Beahan,XX-25746,Hat,9,71.06,639.54,2013-12-04T16:24:14.000000
630644,"Kerluke, Barton and Koch",XX-25746,Hat,11,34.68,381.48,2014-02-15T08:19:30.000000
637673,Schultz-Bradtke,XX-25746,Hat,15,67.08,1006.2,2014-07-13T19:09:57.000000
473337,"Will, Hagenes and Roberts",IC-59308,Socks,20,71.39,1427.8,2014-06-01T19:00:26.000000
151300,"Upton, Runolfsson and O'Reilly",AE-95093,Socks,6,36.08,216.48,2013-10-01T17:24:40.000000
810026,"Dare, Hegmann and McGlynn",GS-95639,Socks,20,81.57,1631.4,2014-07-13T04:58:20.000000
710375,Wuckert-Gulgowski,QS-76400,Sweater,12,28.46,341.52,2014-06-24T22:14:53.000000
41711,Koepp-McLaughlin,XX-25746,Hat,12,34.56,414.72,2014-02-02T18:42:41.000000
38032,"Lemke, Kovacek and McClure",GS-95639,Socks,11,47.38,521.18,2013-10-16T03:56:26.000000
40995,"McLaughlin, McKenzie and Kulas",QS-76400,Sweater,16,93.89,1502.24,2014-09-01T12:28:07.000000
173834,"Grady, Runolfsson and Thompson",ZC-07383,Sweater,14,94.35,1320.9,2014-03-11T12:51:18.000000
668727,Schaden and Sons,AE-95093,Socks,5,53.37,266.85,2014-06-24T18:18:57.000000
134966,Weimann-Parisian,QS-76400,Sweater,1,44.67,44.67,2014-01-08T17:35:16.000000
269580,Shields-Boyer,ZC-07383,Sweater,10,93.32,933.2,2014-07-01T19:11:24.000000
284662,"Jakubowski, Stark and Glover",LK-02338,Sweater,6,21.05,126.3,2013-11-13T12:02:07.000000
911010,Bernier-Oberbrunner,RU-25060,Sweater,20,90.65,1813.0,2014-03-28T12:24:37.000000
805448,Konopelski-Adams,AE-95093,Socks,6,19.08,114.48,2014-02-04T15:24:02.000000
930909,"Hilll, Gleichner and Corwin",ZC-07383,Sweater,10,42.4,424.0,2014-04-15T06:48:45.000000
83845,Wisozk-Funk,HX-24728,Hat,6,37.84,227.04,2014-02-26T16:16:12.000000
335539,Price Group,IC-59308,Socks,14,91.42,1279.88,2014-07-28T10:44:33.000000
306938,D'Amore PLC,ZC-07383,Sweater,20,22.27,445.4,2014-07-23T02:02:40.000000
593296,"Kohler, Schaefer and Schuppe",IC-59308,Socks,18,92.2,1659.6,2013-12-16T19:55:04.000000
201942,Swaniawski Inc,XX-25746,Hat,13,32.26,419.38,2014-04-04T21:48:24.000000
195565,"Bode, Mohr and Bogan",GS-95639,Socks,14,31.34,438.76,2014-07-02T11:06:29.000000
706364,Conn-Schumm,ZC-07383,Sweater,20,59.02,1180.4,2014-06-30T23:19:15.000000
40901,"Gislason, Skiles and Auer",QS-76400,Sweater,7,20.47,143.29,2013-10-22T04:06:56.000000
727648,"Bernhard, Muller and Adams",ZC-07383,Sweater,1,69.37,69.37,2014-04-27T17:17:25.000000
451757,"Price, Parker and Funk",AE-95093,Socks,20,43.64,872.8,2013-10-31T18:13:59.000000
641140,"Reinger, Monahan and Corkery",LK-02338,Sweater,8,34.37,274.96,2014-02-21T18:33:39.000000
616611,Frami and Sons,QS-76400,Sweater,3,93.34,280.02,2014-08-02T21:30:15.000000
588759,"Muller, Simonis and Prosacco",FT-50146,Sweater,3,27.23,81.69,2014-09-01T13:59:23.000000
836156,Ruecker Ltd,QS-76400,Sweater,16,39.38,630.08,2014-02-28T16:36:06.000000
633200,"Denesik, Swift and Howell",QS-76400,Sweater,9,39.7,357.3,2013-11-11T00:39:21.000000
188221,Heidenreich-Nader,QS-76400,Sweater,14,90.33,1264.62,2013-12-22T17:49:39.000000
152173,Grimes-Welch,GS-95639,Socks,19,98.43,1870.17,2014-03-12T15:20:31.000000
711358,Wilkinson Ltd,FT-50146,Sweater,19,66.15,1256.85,2014-09-08T00:20:55.000000
949740,Feil-Koss,XX-25746,Hat,19,35.26,669.94,2013-10-27T02:38:00.000000
870007,"Gerhold, Denesik and Casper",ZC-07383,Sweater,18,41.53,747.54,2014-09-20T02:42:43.000000
345258,Heaney-Satterfield,XX-25746,Hat,20,71.54,1430.8,2014-07-22T09:21:51.000000
964344,Hamill and Sons,GS-95639,Socks,1,99.92,99.92,2013-12-28T15:38:36.000000
76895,Bartell-Boehm,ZC-07383,Sweater,7,66.62,466.34,2013-12-30T06:14:22.000000
374609,"Homenick, Roob and Beatty",GS-95639,Socks,19,29.26,555.94,2014-05-27T04:25:31.000000
152173,Grimes-Welch,AE-95093,Socks,3,48.0,144.0,2014-06-26T12:58:58.000000
83402,Boehm-Beier,IC-59308,Socks,5,59.37,296.85,2014-01-29T18:17:52.000000
406858,Sawayn-Harris,ZC-07383,Sweater,12,37.54,450.48,2014-06-29T01:11:00.000000
269626,"Nicolas, Buckridge and Rowe",AE-95093,Socks,7,14.06,98.42,2014-09-08T12:32:12.000000
482364,Armstrong-Williamson,XX-25746,Hat,19,78.73,1495.87,2014-09-08T02:19:55.000000
343481,Mills Inc,QS-76400,Sweater,3,18.34,55.02,2014-08-16T10:08:07.000000
957468,Gaylord-Hahn,QS-76400,Sweater,7,29.24,204.68,2014-08-01T19:45:15.000000
168893,"Stoltenberg, Berge and Roberts",AE-95093,Socks,8,78.29,626.32,2014-08-08T15:19:15.000000
899300,Langworth-Skiles,QS-76400,Sweater,7,57.58,403.06,2013-12-11T06:12:17.000000
801451,"Treutel, Muller and O'Kon",XX-25746,Hat,17,89.02,1513.34,2014-05-10T05:49:24.000000
423670,Schulist-Spencer,LK-02338,Sweater,3,41.4,124.2,2014-01-18T03:19:31.000000
210440,Reynolds Inc,FT-50146,Sweater,4,43.75,175.0,2013-10-20T07:01:03.000000
169658,Mitchell PLC,RU-25060,Sweater,17,64.55,1097.35,2014-08-01T08:56:36.000000
76396,Schneider-O'Reilly,LK-02338,Sweater,13,54.52,708.76,2014-09-03T20:15:17.000000
792333,Conn-McLaughlin,ZC-07383,Sweater,9,34.01,306.09,2014-07-24T02:44:52.000000
106225,Padberg-Borer,IC-59308,Socks,7,24.57,171.99,2013-11-19T09:27:56.000000
575934,"Collins, Goldner and Reichel",IC-59308,Socks,3,24.13,72.39,2014-04-08T14:08:27.000000
237796,Hermann-Hoeger,QS-76400,Sweater,3,66.96,200.88,2014-07-22T02:41:19.000000
178061,"Howe, Schneider and Herzog",LK-02338,Sweater,14,63.77,892.78,2013-11-29T05:41:41.000000
215844,Simonis-Cummings,QS-76400,Sweater,5,24.97,124.85,2014-08-15T13:32:45.000000
653523,Braun LLC,XX-25746,Hat,16,20.71,331.36,2013-10-21T21:41:46.000000
351680,"Sanford, Mitchell and Nienow",ZC-07383,Sweater,10,61.83,618.3,2014-05-16T09:33:36.000000
6782,Bechtelar-Johnston,AE-95093,Socks,12,48.24,578.88,2014-05-27T04:36:14.000000
272517,"Davis, Heaney and Johns",RU-25060,Sweater,12,27.96,335.52,2014-03-17T02:46:33.000000
608313,Maggio Inc,IC-59308,Socks,4,95.87,383.48,2014-09-18T00:27:43.000000
633249,"Willms, Osinski and Reinger",QS-76400,Sweater,15,92.01,1380.15,2013-12-07T04:56:26.000000
405492,"Langosh, Schamberger and Grimes",AE-95093,Socks,14,14.58,204.12,2014-02-12T10:35:19.000000
860172,Abshire LLC,RU-25060,Sweater,18,40.01,720.18,2013-12-25T01:45:45.000000
631062,Cormier Inc,ZC-07383,Sweater,10,17.43,174.3,2014-03-03T03:33:15.000000
277918,"Gerhold, Wisoky and Streich",GS-95639,Socks,7,90.67,634.69,2014-06-14T11:17:23.000000
575934,"Collins, Goldner and Reichel",ZC-07383,Sweater,12,63.77,765.24,2014-06-03T01:27:19.000000
112088,Schoen-Sawayn,AE-95093,Socks,18,24.72,444.96,2014-04-23T02:41:03.000000
334055,Herman Ltd,XX-25746,Hat,10,79.2,792.0,2014-04-09T09:56:44.000000
41711,Koepp-McLaughlin,AE-95093,Socks,4,31.46,125.84,2014-03-24T01:10:50.000000
556347,"O'Connell, Huel and Kunde",HX-24728,Hat,3,11.65,34.95,2014-07-15T07:40:03.000000
617015,Beatty-Dickinson,IC-59308,Socks,1,36.55,36.55,2014-07-20T19:30:11.000000
76396,Schneider-O'Reilly,GS-95639,Socks,1,55.85,55.85,2014-06-22T03:06:04.000000
582127,Mann-Schmitt,XX-25746,Hat,6,90.16,540.96,2013-11-01T20:04:24.000000
824657,"Ortiz, Rosenbaum and Keeling",QS-76400,Sweater,18,97.45,1754.1,2013-11-21T08:08:36.000000
31937,Orn-Pfannerstill,AE-95093,Socks,10,99.83,998.3,2014-09-15T01:28:31.000000
369482,"Osinski, Gutmann and Marvin",QS-76400,Sweater,8,94.69,757.52,2014-01-02T10:42:44.000000
54152,Cummerata Ltd,GS-95639,Socks,6,45.64,273.84,2013-12-22T02:07:55.000000
654796,Heaney Group,GS-95639,Socks,2,92.63,185.26,2014-03-08T19:34:49.000000
718800,Jacobs-Howell,RU-25060,Sweater,17,91.2,1550.4,2014-08-04T15:49:37.000000
237796,Hermann-Hoeger,RU-25060,Sweater,17,93.87,1595.79,2014-04-20T07:18:38.000000
642128,"Pfannerstill, Jacobs and Zemlak",IC-59308,Socks,15,44.15,662.25,2014-03-14T00:33:29.000000
625319,"Wiegand, Kemmer and Kling",XX-25746,Hat,19,77.8,1478.2,2014-07-13T08:51:33.000000
151344,Marks PLC,ZC-07383,Sweater,16,28.54,456.64,2013-12-24T01:36:55.000000
420556,Beer-Schaden,ZC-07383,Sweater,3,41.13,123.39,2014-01-13T02:50:27.000000
568065,Corkery PLC,QS-76400,Sweater,7,14.53,101.71,2013-12-30T03:27:13.000000
345258,Heaney-Satterfield,LK-02338,Sweater,16,76.03,1216.48,2014-07-13T00:28:42.000000
678977,Klocko Group,LK-02338,Sweater,7,51.09,357.63,2014-01-30T06:00:28.000000
154512,Sauer Group,ZC-07383,Sweater,10,53.88,538.8,2014-09-24T00:07:26.000000
735493,"Strosin, Nader and Zulauf",QS-76400,Sweater,8,78.09,624.72,2014-03-13T12:24:51.000000
757632,Breitenberg-Harvey,FT-50146,Sweater,5,91.96,459.8,2014-06-14T15:55:24.000000
40033,"Schamberger, Hudson and Kuhic",AE-95093,Socks,14,47.47,664.58,2014-07-15T11:18:50.000000
280369,Hoppe PLC,RU-25060,Sweater,3,91.92,275.76,2014-08-25T00:46:11.000000
486457,Balistreri-Jewess,LK-02338,Sweater,15,11.51,172.65,2014-02-17T19:35:47.000000
756387,Walsh and Sons,IC-59308,Socks,19,91.13,1731.47,2014-03-28T14:55:39.000000
89202,"Wyman, Collier and Kuhlman",QS-76400,Sweater,1,97.87,97.87,2013-12-21T20:59:12.000000
598556,Farrell-Bergnaum,FT-50146,Sweater,4,67.63,270.52,2014-04-05T15:08:42.000000
19989,"Sanford, Jakubowski and Haag",LK-02338,Sweater,12,28.55,342.6,2014-03-06T05:15:51.000000
743807,White-Purdy,QS-76400,Sweater,6,69.75,418.5,2013-11-25T03:23:38.000000
845182,"Hudson, O'Reilly and Murphy",HX-24728,Hat,15,84.4,1266.0,2013-11-02T14:10:06.000000
916492,Kohler Ltd,HX-24728,Hat,13,97.65,1269.45,2014-04-06T07:16:11.000000
995788,Feil and Sons,FT-50146,Sweater,20,66.51,1330.2,2014-06-08T01:33:20.000000
876804,"Bashirian, Dare and Kutch",QS-76400,Sweater,9,67.34,606.06,2014-07-30T18:00:37.000000
991343,Brekke PLC,HX-24728,Hat,17,85.49,1453.33,2014-09-16T06:51:29.000000
947492,Ryan LLC,IC-59308,Socks,7,14.0,98.0,2014-04-03T00:49:13.000000
172655,Heidenreich-VonRueden,RU-25060,Sweater,5,32.06,160.3,2014-09-17T14:56:17.000000
846832,Baumbach Group,XX-25746,Hat,2,23.13,46.26,2013-12-13T10:39:03.000000
140793,Kulas-Olson,HX-24728,Hat,9,22.5,202.5,2013-10-30T06:48:34.000000
306938,D'Amore PLC,IC-59308,Socks,16,63.77,1020.32,2014-08-26T05:33:31.000000
671008,Tillman-Schowalter,AE-95093,Socks,11,39.14,430.54,2014-09-04T23:18:58.000000
995224,Macejkovic Inc,XX-25746,Hat,1,60.28,60.28,2014-08-22T00:32:52.000000
481960,Rodriguez-Nikolaus,AE-95093,Socks,19,46.2,877.8,2014-04-16T00:45:07.000000
928796,Ondricka-Blanda,FT-50146,Sweater,14,88.23,1235.22,2013-10-08T11:10:38.000000
799020,Heller Ltd,RU-25060,Sweater,3,91.0,273.0,2013-11-01T22:46:32.000000
480628,Daugherty-Olson,QS-76400,Sweater,1,37.16,37.16,2014-02-10T19:53:38.000000
346709,Cole Inc,HX-24728,Hat,16,55.41,886.56,2014-08-29T14:50:47.000000
290386,Kreiger-O'Connell,FT-50146,Sweater,12,81.12,973.44,2014-08-16T03:44:33.000000
829783,Hyatt-Rohan,HX-24728,Hat,7,79.9,559.3,2014-04-12T11:56:18.000000
958246,Corkery-Armstrong,IC-59308,Socks,18,59.77,1075.86,2014-04-15T02:28:19.000000
330111,Harber Ltd,HX-24728,Hat,15,81.6,1224.0,2013-11-10T12:53:45.000000
882228,Hegmann-Block,LK-02338,Sweater,2,31.52,63.04,2014-09-06T08:42:16.000000
744435,"Marvin, Schroeder and Herman",GS-95639,Socks,19,99.87,1897.53,2014-01-18T03:59:53.000000
65514,Dicki Ltd,GS-95639,Socks,3,17.84,53.52,2014-05-06T00:09:19.000000
480753,Stamm-Kuphal,QS-76400,Sweater,16,78.38,1254.08,2014-08-12T14:33:50.000000
599266,Lubowitz-Ziemann,XX-25746,Hat,11,41.59,457.49,2014-08-21T06:16:00.000000
779536,Champlin-Hodkiewicz,IC-59308,Socks,2,28.06,56.12,2014-07-19T10:30:47.000000
40120,Borer-Bernier,FT-50146,Sweater,20,44.41,888.2,2014-08-22T22:53:04.000000
893804,"Wilkinson, Spinka and Block",FT-50146,Sweater,14,54.56,763.84,2014-04-24T22:56:25.000000
605258,O'Reilly-Ullrich,RU-25060,Sweater,16,20.39,326.24,2014-08-15T15:53:03.000000
145616,"Wiza, Nolan and Johns",XX-25746,Hat,9,51.92,467.28,2014-01-28T15:44:43.000000
989350,Lang Ltd,AE-95093,Socks,9,56.88,511.92,2013-11-29T03:29:56.000000
41295,Gulgowski-Luettgen,RU-25060,Sweater,11,36.65,403.15,2013-12-05T20:13:34.000000
334055,Herman Ltd,AE-95093,Socks,15,56.57,848.55,2013-11-28T05:15:19.000000
318113,"Fritsch, Koelpin and Larkin",IC-59308,Socks,20,20.58,411.6,2013-11-21T03:13:13.000000
558485,Labadie-Zemlak,GS-95639,Socks,9,30.65,275.85,2014-09-11T11:51:54.000000
721900,"Rolfson, Lesch and Pacocha",FT-50146,Sweater,16,69.42,1110.72,2014-01-13T17:37:30.000000
271825,Dibbert Inc,ZC-07383,Sweater,11,79.42,873.62,2014-02-20T14:56:11.000000
896778,Kuvalis-Harvey,HX-24728,Hat,3,69.58,208.74,2014-06-05T14:29:25.000000
566220,Collier Group,ZC-07383,Sweater,16,49.27,788.32,2014-06-18T11:32:15.000000
315574,Schultz and Sons,RU-25060,Sweater,16,36.89,590.24,2014-07-12T15:39:23.000000
40901,"Gislason, Skiles and Auer",IC-59308,Socks,10,50.71,507.1,2014-02-06T04:42:38.000000
532928,"Wilderman, Schmeler and Ratke",LK-02338,Sweater,13,41.74,542.62,2014-07-16T04:42:11.000000
29068,Brekke and Sons,FT-50146,Sweater,2,46.48,92.96,2014-08-10T16:20:32.000000
77116,Lang-Wunsch,IC-59308,Socks,19,29.25,555.75,2013-11-20T13:32:45.000000
23749,Bogisich and Sons,IC-59308,Socks,18,54.79,986.22,2014-03-10T08:11:59.000000
172519,"Kutch, Cormier and Harber",RU-25060,Sweater,15,62.53,937.95,2014-04-11T02:50:03.000000
914594,"Roberts, Volkman and Batz",LK-02338,Sweater,11,86.4,950.4,2014-02-14T20:10:42.000000
